t-shirt ,  price  , image 
Swagat Toh Karo Hamara Half Sleeve T-Shirt,449,https://images.bewakoof.com/t320/swagat-toh-karo-hamara-half-sleeve-t-shirt-men-s-printed-t-shirts-248261-1572590261.jpg
Gym Karo Half Sleeve T-Shirt,275,https://images.bewakoof.com/t320/swagat-toh-karo-hamara-half-sleeve-t-shirt-men-s-printed-t-shirts-248261-1572590261.jpg
Swagat Toh Karo Hamara Half Sleeve T-Shirt,449,https://images.bewakoof.com/t320/swagat-toh-karo-hamara-half-sleeve-t-shirt-men-s-printed-t-shirts-248261-1572590261.jpg
Baap Hoon Tera Full Sleeve T-Shirt,499,https://images.bewakoof.com/t320/swagat-toh-karo-hamara-half-sleeve-t-shirt-men-s-printed-t-shirts-248261-1572590261.jpg
Pehli Fursat Mein Nikal Full Sleeve T-Shirt,299,https://images.bewakoof.com/t320/swagat-toh-karo-hamara-half-sleeve-t-shirt-men-s-printed-t-shirts-248261-1572590261.jpg
Swagat Toh Karo Hamara Full Sleeve T-Shirt,499,https://images.bewakoof.com/t320/swagat-toh-karo-hamara-half-sleeve-t-shirt-men-s-printed-t-shirts-248261-1572590261.jpg
Dost Mujhe Sudharne Nahi Dete Half Sleeve T-Shirt,449,https://images.bewakoof.com/t320/swagat-toh-karo-hamara-half-sleeve-t-shirt-men-s-printed-t-shirts-248261-1572590261.jpg
Gym Karo Full Sleeve T-Shirt,325,https://images.bewakoof.com/t320/swagat-toh-karo-hamara-half-sleeve-t-shirt-men-s-printed-t-shirts-248261-1572590261.jpg
Dost Mujhe Sudharne Nahi Dete Full Sleeve T-Shirt,499,https://images.bewakoof.com/t320/swagat-toh-karo-hamara-half-sleeve-t-shirt-men-s-printed-t-shirts-248261-1572590261.jpg
Safarnama Full Sleeve T-Shirt,325,https://images.bewakoof.com/t320/swagat-toh-karo-hamara-half-sleeve-t-shirt-men-s-printed-t-shirts-248261-1572590261.jpg
Dimaag Garam Half Sleeve T-Shirt,259,https://images.bewakoof.com/t320/swagat-toh-karo-hamara-half-sleeve-t-shirt-men-s-printed-t-shirts-248261-1572590261.jpg
Dost Mujhe Sudharne Nahi Dete Half Sleeve T-Shirt,449,https://images.bewakoof.com/t320/swagat-toh-karo-hamara-half-sleeve-t-shirt-men-s-printed-t-shirts-248261-1572590261.jpg
Royal Full Sleeve T-Shirt,299,https://images.bewakoof.com/t320/swagat-toh-karo-hamara-half-sleeve-t-shirt-men-s-printed-t-shirts-248261-1572590261.jpg
Sirf Dost Half Sleeve T-Shirt,299,https://images.bewakoof.com/t320/swagat-toh-karo-hamara-half-sleeve-t-shirt-men-s-printed-t-shirts-248261-1572590261.jpg
Time Aayega Full Sleeve T-Shirt,325,https://images.bewakoof.com/t320/swagat-toh-karo-hamara-half-sleeve-t-shirt-men-s-printed-t-shirts-248261-1572590261.jpg
Dost Mujhe Sudharne Nahi Dete Full Sleeve T-Shirt,499,https://images.bewakoof.com/t320/swagat-toh-karo-hamara-half-sleeve-t-shirt-men-s-printed-t-shirts-248261-1572590261.jpg
Wait And Watch Full Sleeve T-Shirt,299,https://images.bewakoof.com/t320/swagat-toh-karo-hamara-half-sleeve-t-shirt-men-s-printed-t-shirts-248261-1572590261.jpg
Firse Pyaar Full Sleeve T-Shirt,499,https://images.bewakoof.com/t320/swagat-toh-karo-hamara-half-sleeve-t-shirt-men-s-printed-t-shirts-248261-1572590261.jpg
Apna Time Ayega Full Sleeve T-Shirt,325,https://images.bewakoof.com/t320/swagat-toh-karo-hamara-half-sleeve-t-shirt-men-s-printed-t-shirts-248261-1572590261.jpg
Baap Hoon Tera Half Sleeve T-Shirt,449,https://images.bewakoof.com/t320/swagat-toh-karo-hamara-half-sleeve-t-shirt-men-s-printed-t-shirts-248261-1572590261.jpg
Zindagi Badi Honi Chahiye Half Sleeve T-Shirt,449,https://images.bewakoof.com/t320/swagat-toh-karo-hamara-half-sleeve-t-shirt-men-s-printed-t-shirts-248261-1572590261.jpg
Haq Se Back Bencher Full Sleeve T-Shirt,499,https://images.bewakoof.com/t320/swagat-toh-karo-hamara-half-sleeve-t-shirt-men-s-printed-t-shirts-248261-1572590261.jpg
Zindagi Badi Honi Chahiye Full Sleeve T-Shirt,499,https://images.bewakoof.com/t320/swagat-toh-karo-hamara-half-sleeve-t-shirt-men-s-printed-t-shirts-248261-1572590261.jpg
Pehli Fursat Mein Nikal Half Sleeve T-Shirt,299,https://images.bewakoof.com/t320/swagat-toh-karo-hamara-half-sleeve-t-shirt-men-s-printed-t-shirts-248261-1572590261.jpg
Zindagi Badi Honi Chahiye Half Sleeve T-Shirt,449,https://images.bewakoof.com/t320/swagat-toh-karo-hamara-half-sleeve-t-shirt-men-s-printed-t-shirts-248261-1572590261.jpg
Jai Hind Doston Full Sleeve T-Shirt,499,https://images.bewakoof.com/t320/swagat-toh-karo-hamara-half-sleeve-t-shirt-men-s-printed-t-shirts-248261-1572590261.jpg
Zindagi Badi Honi Chahiye Full Sleeve T-Shirt,499,https://images.bewakoof.com/t320/swagat-toh-karo-hamara-half-sleeve-t-shirt-men-s-printed-t-shirts-248261-1572590261.jpg
Rok Sako Toh Rok Lo Bike Half Sleeve T-Shirt,449,https://images.bewakoof.com/t320/swagat-toh-karo-hamara-half-sleeve-t-shirt-men-s-printed-t-shirts-248261-1572590261.jpg
Ek Engineer Hoon Half Sleeve T-Shirt,449,https://images.bewakoof.com/t320/swagat-toh-karo-hamara-half-sleeve-t-shirt-men-s-printed-t-shirts-248261-1572590261.jpg
Cute Shaanti Full Sleeve T-Shirt,299,https://images.bewakoof.com/t320/swagat-toh-karo-hamara-half-sleeve-t-shirt-men-s-printed-t-shirts-248261-1572590261.jpg
Hamesha Late Full Sleeve T-Shirt,499,https://images.bewakoof.com/t320/swagat-toh-karo-hamara-half-sleeve-t-shirt-men-s-printed-t-shirts-248261-1572590261.jpg
Aur Kitna Pressure Half Sleeve T-Shirt,449,https://images.bewakoof.com/t320/swagat-toh-karo-hamara-half-sleeve-t-shirt-men-s-printed-t-shirts-248261-1572590261.jpg
Cute Shaanti Full Sleeve T-Shirt,299,https://images.bewakoof.com/t320/swagat-toh-karo-hamara-half-sleeve-t-shirt-men-s-printed-t-shirts-248261-1572590261.jpg
Pehli Fursat Mein Nikal Half Sleeve T-Shirt,299,https://images.bewakoof.com/t320/swagat-toh-karo-hamara-half-sleeve-t-shirt-men-s-printed-t-shirts-248261-1572590261.jpg
Cute Shaanti Half Sleeve T-Shirt,259,https://images.bewakoof.com/t320/swagat-toh-karo-hamara-half-sleeve-t-shirt-men-s-printed-t-shirts-248261-1572590261.jpg
Chill Elements Half Sleeve T-Shirt,449,https://images.bewakoof.com/t320/swagat-toh-karo-hamara-half-sleeve-t-shirt-men-s-printed-t-shirts-248261-1572590261.jpg
Musafir Doodle Half Sleeve T-Shirt,449,https://images.bewakoof.com/t320/swagat-toh-karo-hamara-half-sleeve-t-shirt-men-s-printed-t-shirts-248261-1572590261.jpg
Cute Shaanti Half Sleeve T-Shirt,259,https://images.bewakoof.com/t320/swagat-toh-karo-hamara-half-sleeve-t-shirt-men-s-printed-t-shirts-248261-1572590261.jpg
Rok Sako Toh Rok Lo Bike Full Sleeve T-Shirt,499,https://images.bewakoof.com/t320/swagat-toh-karo-hamara-half-sleeve-t-shirt-men-s-printed-t-shirts-248261-1572590261.jpg
Ek Engineer Hoon Full Sleeve T-Shirt,499,https://images.bewakoof.com/t320/swagat-toh-karo-hamara-half-sleeve-t-shirt-men-s-printed-t-shirts-248261-1572590261.jpg
Pehli Fursat Mein Nikal Half Sleeve T-Shirt,225,https://images.bewakoof.com/t320/swagat-toh-karo-hamara-half-sleeve-t-shirt-men-s-printed-t-shirts-248261-1572590261.jpg
Hamesha Late Half Sleeve T-Shirt,449,https://images.bewakoof.com/t320/swagat-toh-karo-hamara-half-sleeve-t-shirt-men-s-printed-t-shirts-248261-1572590261.jpg
Chill Elements Full Sleeve T-Shirt,499,https://images.bewakoof.com/t320/swagat-toh-karo-hamara-half-sleeve-t-shirt-men-s-printed-t-shirts-248261-1572590261.jpg
Bholenaath Full Sleeve T-Shirt,325,https://images.bewakoof.com/t320/swagat-toh-karo-hamara-half-sleeve-t-shirt-men-s-printed-t-shirts-248261-1572590261.jpg
Pehli Fursat Mein Nikal Full Sleeve T-Shirt,325,https://images.bewakoof.com/t320/swagat-toh-karo-hamara-half-sleeve-t-shirt-men-s-printed-t-shirts-248261-1572590261.jpg
Haq Se Back Bencher Half Sleeve T-Shirt,449,https://images.bewakoof.com/t320/swagat-toh-karo-hamara-half-sleeve-t-shirt-men-s-printed-t-shirts-248261-1572590261.jpg
Musafir Doodle Half Sleeve T-Shirt,449,https://images.bewakoof.com/t320/swagat-toh-karo-hamara-half-sleeve-t-shirt-men-s-printed-t-shirts-248261-1572590261.jpg
Aur Kitna Pressure Full Sleeve T-Shirt,499,https://images.bewakoof.com/t320/swagat-toh-karo-hamara-half-sleeve-t-shirt-men-s-printed-t-shirts-248261-1572590261.jpg
Musafir Doodle Full Sleeve T-Shirt,499,https://images.bewakoof.com/t320/swagat-toh-karo-hamara-half-sleeve-t-shirt-men-s-printed-t-shirts-248261-1572590261.jpg
Swagat Toh Karo Hamara Half Sleeve T-Shirt,449,https://images.bewakoof.com/t320/gym-karo-half-sleeve-t-shirt-men-s-printed-t-shirts-220629-1560928535.jpg
Gym Karo Half Sleeve T-Shirt,275,https://images.bewakoof.com/t320/gym-karo-half-sleeve-t-shirt-men-s-printed-t-shirts-220629-1560928535.jpg
Swagat Toh Karo Hamara Half Sleeve T-Shirt,449,https://images.bewakoof.com/t320/gym-karo-half-sleeve-t-shirt-men-s-printed-t-shirts-220629-1560928535.jpg
Baap Hoon Tera Full Sleeve T-Shirt,499,https://images.bewakoof.com/t320/gym-karo-half-sleeve-t-shirt-men-s-printed-t-shirts-220629-1560928535.jpg
Pehli Fursat Mein Nikal Full Sleeve T-Shirt,299,https://images.bewakoof.com/t320/gym-karo-half-sleeve-t-shirt-men-s-printed-t-shirts-220629-1560928535.jpg
Swagat Toh Karo Hamara Full Sleeve T-Shirt,499,https://images.bewakoof.com/t320/gym-karo-half-sleeve-t-shirt-men-s-printed-t-shirts-220629-1560928535.jpg
Dost Mujhe Sudharne Nahi Dete Half Sleeve T-Shirt,449,https://images.bewakoof.com/t320/gym-karo-half-sleeve-t-shirt-men-s-printed-t-shirts-220629-1560928535.jpg
Gym Karo Full Sleeve T-Shirt,325,https://images.bewakoof.com/t320/gym-karo-half-sleeve-t-shirt-men-s-printed-t-shirts-220629-1560928535.jpg
Dost Mujhe Sudharne Nahi Dete Full Sleeve T-Shirt,499,https://images.bewakoof.com/t320/gym-karo-half-sleeve-t-shirt-men-s-printed-t-shirts-220629-1560928535.jpg
Safarnama Full Sleeve T-Shirt,325,https://images.bewakoof.com/t320/gym-karo-half-sleeve-t-shirt-men-s-printed-t-shirts-220629-1560928535.jpg
Dimaag Garam Half Sleeve T-Shirt,259,https://images.bewakoof.com/t320/gym-karo-half-sleeve-t-shirt-men-s-printed-t-shirts-220629-1560928535.jpg
Dost Mujhe Sudharne Nahi Dete Half Sleeve T-Shirt,449,https://images.bewakoof.com/t320/gym-karo-half-sleeve-t-shirt-men-s-printed-t-shirts-220629-1560928535.jpg
Royal Full Sleeve T-Shirt,299,https://images.bewakoof.com/t320/gym-karo-half-sleeve-t-shirt-men-s-printed-t-shirts-220629-1560928535.jpg
Sirf Dost Half Sleeve T-Shirt,299,https://images.bewakoof.com/t320/gym-karo-half-sleeve-t-shirt-men-s-printed-t-shirts-220629-1560928535.jpg
Time Aayega Full Sleeve T-Shirt,325,https://images.bewakoof.com/t320/gym-karo-half-sleeve-t-shirt-men-s-printed-t-shirts-220629-1560928535.jpg
Dost Mujhe Sudharne Nahi Dete Full Sleeve T-Shirt,499,https://images.bewakoof.com/t320/gym-karo-half-sleeve-t-shirt-men-s-printed-t-shirts-220629-1560928535.jpg
Wait And Watch Full Sleeve T-Shirt,299,https://images.bewakoof.com/t320/gym-karo-half-sleeve-t-shirt-men-s-printed-t-shirts-220629-1560928535.jpg
Firse Pyaar Full Sleeve T-Shirt,499,https://images.bewakoof.com/t320/gym-karo-half-sleeve-t-shirt-men-s-printed-t-shirts-220629-1560928535.jpg
Apna Time Ayega Full Sleeve T-Shirt,325,https://images.bewakoof.com/t320/gym-karo-half-sleeve-t-shirt-men-s-printed-t-shirts-220629-1560928535.jpg
Baap Hoon Tera Half Sleeve T-Shirt,449,https://images.bewakoof.com/t320/gym-karo-half-sleeve-t-shirt-men-s-printed-t-shirts-220629-1560928535.jpg
Zindagi Badi Honi Chahiye Half Sleeve T-Shirt,449,https://images.bewakoof.com/t320/gym-karo-half-sleeve-t-shirt-men-s-printed-t-shirts-220629-1560928535.jpg
Haq Se Back Bencher Full Sleeve T-Shirt,499,https://images.bewakoof.com/t320/gym-karo-half-sleeve-t-shirt-men-s-printed-t-shirts-220629-1560928535.jpg
Zindagi Badi Honi Chahiye Full Sleeve T-Shirt,499,https://images.bewakoof.com/t320/gym-karo-half-sleeve-t-shirt-men-s-printed-t-shirts-220629-1560928535.jpg
Pehli Fursat Mein Nikal Half Sleeve T-Shirt,299,https://images.bewakoof.com/t320/gym-karo-half-sleeve-t-shirt-men-s-printed-t-shirts-220629-1560928535.jpg
Zindagi Badi Honi Chahiye Half Sleeve T-Shirt,449,https://images.bewakoof.com/t320/gym-karo-half-sleeve-t-shirt-men-s-printed-t-shirts-220629-1560928535.jpg
Jai Hind Doston Full Sleeve T-Shirt,499,https://images.bewakoof.com/t320/gym-karo-half-sleeve-t-shirt-men-s-printed-t-shirts-220629-1560928535.jpg
Zindagi Badi Honi Chahiye Full Sleeve T-Shirt,499,https://images.bewakoof.com/t320/gym-karo-half-sleeve-t-shirt-men-s-printed-t-shirts-220629-1560928535.jpg
Rok Sako Toh Rok Lo Bike Half Sleeve T-Shirt,449,https://images.bewakoof.com/t320/gym-karo-half-sleeve-t-shirt-men-s-printed-t-shirts-220629-1560928535.jpg
Ek Engineer Hoon Half Sleeve T-Shirt,449,https://images.bewakoof.com/t320/gym-karo-half-sleeve-t-shirt-men-s-printed-t-shirts-220629-1560928535.jpg
Cute Shaanti Full Sleeve T-Shirt,299,https://images.bewakoof.com/t320/gym-karo-half-sleeve-t-shirt-men-s-printed-t-shirts-220629-1560928535.jpg
Hamesha Late Full Sleeve T-Shirt,499,https://images.bewakoof.com/t320/gym-karo-half-sleeve-t-shirt-men-s-printed-t-shirts-220629-1560928535.jpg
Aur Kitna Pressure Half Sleeve T-Shirt,449,https://images.bewakoof.com/t320/gym-karo-half-sleeve-t-shirt-men-s-printed-t-shirts-220629-1560928535.jpg
Cute Shaanti Full Sleeve T-Shirt,299,https://images.bewakoof.com/t320/gym-karo-half-sleeve-t-shirt-men-s-printed-t-shirts-220629-1560928535.jpg
Pehli Fursat Mein Nikal Half Sleeve T-Shirt,299,https://images.bewakoof.com/t320/gym-karo-half-sleeve-t-shirt-men-s-printed-t-shirts-220629-1560928535.jpg
Cute Shaanti Half Sleeve T-Shirt,259,https://images.bewakoof.com/t320/gym-karo-half-sleeve-t-shirt-men-s-printed-t-shirts-220629-1560928535.jpg
Chill Elements Half Sleeve T-Shirt,449,https://images.bewakoof.com/t320/gym-karo-half-sleeve-t-shirt-men-s-printed-t-shirts-220629-1560928535.jpg
Musafir Doodle Half Sleeve T-Shirt,449,https://images.bewakoof.com/t320/gym-karo-half-sleeve-t-shirt-men-s-printed-t-shirts-220629-1560928535.jpg
Cute Shaanti Half Sleeve T-Shirt,259,https://images.bewakoof.com/t320/gym-karo-half-sleeve-t-shirt-men-s-printed-t-shirts-220629-1560928535.jpg
Rok Sako Toh Rok Lo Bike Full Sleeve T-Shirt,499,https://images.bewakoof.com/t320/gym-karo-half-sleeve-t-shirt-men-s-printed-t-shirts-220629-1560928535.jpg
Ek Engineer Hoon Full Sleeve T-Shirt,499,https://images.bewakoof.com/t320/gym-karo-half-sleeve-t-shirt-men-s-printed-t-shirts-220629-1560928535.jpg
Pehli Fursat Mein Nikal Half Sleeve T-Shirt,225,https://images.bewakoof.com/t320/gym-karo-half-sleeve-t-shirt-men-s-printed-t-shirts-220629-1560928535.jpg
Hamesha Late Half Sleeve T-Shirt,449,https://images.bewakoof.com/t320/gym-karo-half-sleeve-t-shirt-men-s-printed-t-shirts-220629-1560928535.jpg
Chill Elements Full Sleeve T-Shirt,499,https://images.bewakoof.com/t320/gym-karo-half-sleeve-t-shirt-men-s-printed-t-shirts-220629-1560928535.jpg
Bholenaath Full Sleeve T-Shirt,325,https://images.bewakoof.com/t320/gym-karo-half-sleeve-t-shirt-men-s-printed-t-shirts-220629-1560928535.jpg
Pehli Fursat Mein Nikal Full Sleeve T-Shirt,325,https://images.bewakoof.com/t320/gym-karo-half-sleeve-t-shirt-men-s-printed-t-shirts-220629-1560928535.jpg
Haq Se Back Bencher Half Sleeve T-Shirt,449,https://images.bewakoof.com/t320/gym-karo-half-sleeve-t-shirt-men-s-printed-t-shirts-220629-1560928535.jpg
Musafir Doodle Half Sleeve T-Shirt,449,https://images.bewakoof.com/t320/gym-karo-half-sleeve-t-shirt-men-s-printed-t-shirts-220629-1560928535.jpg
Aur Kitna Pressure Full Sleeve T-Shirt,499,https://images.bewakoof.com/t320/gym-karo-half-sleeve-t-shirt-men-s-printed-t-shirts-220629-1560928535.jpg
Musafir Doodle Full Sleeve T-Shirt,499,https://images.bewakoof.com/t320/gym-karo-half-sleeve-t-shirt-men-s-printed-t-shirts-220629-1560928535.jpg
Swagat Toh Karo Hamara Half Sleeve T-Shirt,449,https://images.bewakoof.com/t320/swagat-toh-karo-hamara-half-sleeve-t-shirt-men-s-printed-t-shirts-248262-1572590283.jpg
Gym Karo Half Sleeve T-Shirt,275,https://images.bewakoof.com/t320/swagat-toh-karo-hamara-half-sleeve-t-shirt-men-s-printed-t-shirts-248262-1572590283.jpg
Swagat Toh Karo Hamara Half Sleeve T-Shirt,449,https://images.bewakoof.com/t320/swagat-toh-karo-hamara-half-sleeve-t-shirt-men-s-printed-t-shirts-248262-1572590283.jpg
Baap Hoon Tera Full Sleeve T-Shirt,499,https://images.bewakoof.com/t320/swagat-toh-karo-hamara-half-sleeve-t-shirt-men-s-printed-t-shirts-248262-1572590283.jpg
Pehli Fursat Mein Nikal Full Sleeve T-Shirt,299,https://images.bewakoof.com/t320/swagat-toh-karo-hamara-half-sleeve-t-shirt-men-s-printed-t-shirts-248262-1572590283.jpg
Swagat Toh Karo Hamara Full Sleeve T-Shirt,499,https://images.bewakoof.com/t320/swagat-toh-karo-hamara-half-sleeve-t-shirt-men-s-printed-t-shirts-248262-1572590283.jpg
Dost Mujhe Sudharne Nahi Dete Half Sleeve T-Shirt,449,https://images.bewakoof.com/t320/swagat-toh-karo-hamara-half-sleeve-t-shirt-men-s-printed-t-shirts-248262-1572590283.jpg
Gym Karo Full Sleeve T-Shirt,325,https://images.bewakoof.com/t320/swagat-toh-karo-hamara-half-sleeve-t-shirt-men-s-printed-t-shirts-248262-1572590283.jpg
Dost Mujhe Sudharne Nahi Dete Full Sleeve T-Shirt,499,https://images.bewakoof.com/t320/swagat-toh-karo-hamara-half-sleeve-t-shirt-men-s-printed-t-shirts-248262-1572590283.jpg
Safarnama Full Sleeve T-Shirt,325,https://images.bewakoof.com/t320/swagat-toh-karo-hamara-half-sleeve-t-shirt-men-s-printed-t-shirts-248262-1572590283.jpg
Dimaag Garam Half Sleeve T-Shirt,259,https://images.bewakoof.com/t320/swagat-toh-karo-hamara-half-sleeve-t-shirt-men-s-printed-t-shirts-248262-1572590283.jpg
Dost Mujhe Sudharne Nahi Dete Half Sleeve T-Shirt,449,https://images.bewakoof.com/t320/swagat-toh-karo-hamara-half-sleeve-t-shirt-men-s-printed-t-shirts-248262-1572590283.jpg
Royal Full Sleeve T-Shirt,299,https://images.bewakoof.com/t320/swagat-toh-karo-hamara-half-sleeve-t-shirt-men-s-printed-t-shirts-248262-1572590283.jpg
Sirf Dost Half Sleeve T-Shirt,299,https://images.bewakoof.com/t320/swagat-toh-karo-hamara-half-sleeve-t-shirt-men-s-printed-t-shirts-248262-1572590283.jpg
Time Aayega Full Sleeve T-Shirt,325,https://images.bewakoof.com/t320/swagat-toh-karo-hamara-half-sleeve-t-shirt-men-s-printed-t-shirts-248262-1572590283.jpg
Dost Mujhe Sudharne Nahi Dete Full Sleeve T-Shirt,499,https://images.bewakoof.com/t320/swagat-toh-karo-hamara-half-sleeve-t-shirt-men-s-printed-t-shirts-248262-1572590283.jpg
Wait And Watch Full Sleeve T-Shirt,299,https://images.bewakoof.com/t320/swagat-toh-karo-hamara-half-sleeve-t-shirt-men-s-printed-t-shirts-248262-1572590283.jpg
Firse Pyaar Full Sleeve T-Shirt,499,https://images.bewakoof.com/t320/swagat-toh-karo-hamara-half-sleeve-t-shirt-men-s-printed-t-shirts-248262-1572590283.jpg
Apna Time Ayega Full Sleeve T-Shirt,325,https://images.bewakoof.com/t320/swagat-toh-karo-hamara-half-sleeve-t-shirt-men-s-printed-t-shirts-248262-1572590283.jpg
Baap Hoon Tera Half Sleeve T-Shirt,449,https://images.bewakoof.com/t320/swagat-toh-karo-hamara-half-sleeve-t-shirt-men-s-printed-t-shirts-248262-1572590283.jpg
Zindagi Badi Honi Chahiye Half Sleeve T-Shirt,449,https://images.bewakoof.com/t320/swagat-toh-karo-hamara-half-sleeve-t-shirt-men-s-printed-t-shirts-248262-1572590283.jpg
Haq Se Back Bencher Full Sleeve T-Shirt,499,https://images.bewakoof.com/t320/swagat-toh-karo-hamara-half-sleeve-t-shirt-men-s-printed-t-shirts-248262-1572590283.jpg
Zindagi Badi Honi Chahiye Full Sleeve T-Shirt,499,https://images.bewakoof.com/t320/swagat-toh-karo-hamara-half-sleeve-t-shirt-men-s-printed-t-shirts-248262-1572590283.jpg
Pehli Fursat Mein Nikal Half Sleeve T-Shirt,299,https://images.bewakoof.com/t320/swagat-toh-karo-hamara-half-sleeve-t-shirt-men-s-printed-t-shirts-248262-1572590283.jpg
Zindagi Badi Honi Chahiye Half Sleeve T-Shirt,449,https://images.bewakoof.com/t320/swagat-toh-karo-hamara-half-sleeve-t-shirt-men-s-printed-t-shirts-248262-1572590283.jpg
Jai Hind Doston Full Sleeve T-Shirt,499,https://images.bewakoof.com/t320/swagat-toh-karo-hamara-half-sleeve-t-shirt-men-s-printed-t-shirts-248262-1572590283.jpg
Zindagi Badi Honi Chahiye Full Sleeve T-Shirt,499,https://images.bewakoof.com/t320/swagat-toh-karo-hamara-half-sleeve-t-shirt-men-s-printed-t-shirts-248262-1572590283.jpg
Rok Sako Toh Rok Lo Bike Half Sleeve T-Shirt,449,https://images.bewakoof.com/t320/swagat-toh-karo-hamara-half-sleeve-t-shirt-men-s-printed-t-shirts-248262-1572590283.jpg
Ek Engineer Hoon Half Sleeve T-Shirt,449,https://images.bewakoof.com/t320/swagat-toh-karo-hamara-half-sleeve-t-shirt-men-s-printed-t-shirts-248262-1572590283.jpg
Cute Shaanti Full Sleeve T-Shirt,299,https://images.bewakoof.com/t320/swagat-toh-karo-hamara-half-sleeve-t-shirt-men-s-printed-t-shirts-248262-1572590283.jpg
Hamesha Late Full Sleeve T-Shirt,499,https://images.bewakoof.com/t320/swagat-toh-karo-hamara-half-sleeve-t-shirt-men-s-printed-t-shirts-248262-1572590283.jpg
Aur Kitna Pressure Half Sleeve T-Shirt,449,https://images.bewakoof.com/t320/swagat-toh-karo-hamara-half-sleeve-t-shirt-men-s-printed-t-shirts-248262-1572590283.jpg
Cute Shaanti Full Sleeve T-Shirt,299,https://images.bewakoof.com/t320/swagat-toh-karo-hamara-half-sleeve-t-shirt-men-s-printed-t-shirts-248262-1572590283.jpg
Pehli Fursat Mein Nikal Half Sleeve T-Shirt,299,https://images.bewakoof.com/t320/swagat-toh-karo-hamara-half-sleeve-t-shirt-men-s-printed-t-shirts-248262-1572590283.jpg
Cute Shaanti Half Sleeve T-Shirt,259,https://images.bewakoof.com/t320/swagat-toh-karo-hamara-half-sleeve-t-shirt-men-s-printed-t-shirts-248262-1572590283.jpg
Chill Elements Half Sleeve T-Shirt,449,https://images.bewakoof.com/t320/swagat-toh-karo-hamara-half-sleeve-t-shirt-men-s-printed-t-shirts-248262-1572590283.jpg
Musafir Doodle Half Sleeve T-Shirt,449,https://images.bewakoof.com/t320/swagat-toh-karo-hamara-half-sleeve-t-shirt-men-s-printed-t-shirts-248262-1572590283.jpg
Cute Shaanti Half Sleeve T-Shirt,259,https://images.bewakoof.com/t320/swagat-toh-karo-hamara-half-sleeve-t-shirt-men-s-printed-t-shirts-248262-1572590283.jpg
Rok Sako Toh Rok Lo Bike Full Sleeve T-Shirt,499,https://images.bewakoof.com/t320/swagat-toh-karo-hamara-half-sleeve-t-shirt-men-s-printed-t-shirts-248262-1572590283.jpg
Ek Engineer Hoon Full Sleeve T-Shirt,499,https://images.bewakoof.com/t320/swagat-toh-karo-hamara-half-sleeve-t-shirt-men-s-printed-t-shirts-248262-1572590283.jpg
Pehli Fursat Mein Nikal Half Sleeve T-Shirt,225,https://images.bewakoof.com/t320/swagat-toh-karo-hamara-half-sleeve-t-shirt-men-s-printed-t-shirts-248262-1572590283.jpg
Hamesha Late Half Sleeve T-Shirt,449,https://images.bewakoof.com/t320/swagat-toh-karo-hamara-half-sleeve-t-shirt-men-s-printed-t-shirts-248262-1572590283.jpg
Chill Elements Full Sleeve T-Shirt,499,https://images.bewakoof.com/t320/swagat-toh-karo-hamara-half-sleeve-t-shirt-men-s-printed-t-shirts-248262-1572590283.jpg
Bholenaath Full Sleeve T-Shirt,325,https://images.bewakoof.com/t320/swagat-toh-karo-hamara-half-sleeve-t-shirt-men-s-printed-t-shirts-248262-1572590283.jpg
Pehli Fursat Mein Nikal Full Sleeve T-Shirt,325,https://images.bewakoof.com/t320/swagat-toh-karo-hamara-half-sleeve-t-shirt-men-s-printed-t-shirts-248262-1572590283.jpg
Haq Se Back Bencher Half Sleeve T-Shirt,449,https://images.bewakoof.com/t320/swagat-toh-karo-hamara-half-sleeve-t-shirt-men-s-printed-t-shirts-248262-1572590283.jpg
Musafir Doodle Half Sleeve T-Shirt,449,https://images.bewakoof.com/t320/swagat-toh-karo-hamara-half-sleeve-t-shirt-men-s-printed-t-shirts-248262-1572590283.jpg
Aur Kitna Pressure Full Sleeve T-Shirt,499,https://images.bewakoof.com/t320/swagat-toh-karo-hamara-half-sleeve-t-shirt-men-s-printed-t-shirts-248262-1572590283.jpg
Musafir Doodle Full Sleeve T-Shirt,499,https://images.bewakoof.com/t320/swagat-toh-karo-hamara-half-sleeve-t-shirt-men-s-printed-t-shirts-248262-1572590283.jpg
Swagat Toh Karo Hamara Half Sleeve T-Shirt,449,https://images.bewakoof.com/t320/baap-hoon-tera-full-sleeve-t-shirt-men-s-printed-full-sleeve-t-shirt-246579-1571728433.jpg
Gym Karo Half Sleeve T-Shirt,275,https://images.bewakoof.com/t320/baap-hoon-tera-full-sleeve-t-shirt-men-s-printed-full-sleeve-t-shirt-246579-1571728433.jpg
Swagat Toh Karo Hamara Half Sleeve T-Shirt,449,https://images.bewakoof.com/t320/baap-hoon-tera-full-sleeve-t-shirt-men-s-printed-full-sleeve-t-shirt-246579-1571728433.jpg
Baap Hoon Tera Full Sleeve T-Shirt,499,https://images.bewakoof.com/t320/baap-hoon-tera-full-sleeve-t-shirt-men-s-printed-full-sleeve-t-shirt-246579-1571728433.jpg
Pehli Fursat Mein Nikal Full Sleeve T-Shirt,299,https://images.bewakoof.com/t320/baap-hoon-tera-full-sleeve-t-shirt-men-s-printed-full-sleeve-t-shirt-246579-1571728433.jpg
Swagat Toh Karo Hamara Full Sleeve T-Shirt,499,https://images.bewakoof.com/t320/baap-hoon-tera-full-sleeve-t-shirt-men-s-printed-full-sleeve-t-shirt-246579-1571728433.jpg
Dost Mujhe Sudharne Nahi Dete Half Sleeve T-Shirt,449,https://images.bewakoof.com/t320/baap-hoon-tera-full-sleeve-t-shirt-men-s-printed-full-sleeve-t-shirt-246579-1571728433.jpg
Gym Karo Full Sleeve T-Shirt,325,https://images.bewakoof.com/t320/baap-hoon-tera-full-sleeve-t-shirt-men-s-printed-full-sleeve-t-shirt-246579-1571728433.jpg
Dost Mujhe Sudharne Nahi Dete Full Sleeve T-Shirt,499,https://images.bewakoof.com/t320/baap-hoon-tera-full-sleeve-t-shirt-men-s-printed-full-sleeve-t-shirt-246579-1571728433.jpg
Safarnama Full Sleeve T-Shirt,325,https://images.bewakoof.com/t320/baap-hoon-tera-full-sleeve-t-shirt-men-s-printed-full-sleeve-t-shirt-246579-1571728433.jpg
Dimaag Garam Half Sleeve T-Shirt,259,https://images.bewakoof.com/t320/baap-hoon-tera-full-sleeve-t-shirt-men-s-printed-full-sleeve-t-shirt-246579-1571728433.jpg
Dost Mujhe Sudharne Nahi Dete Half Sleeve T-Shirt,449,https://images.bewakoof.com/t320/baap-hoon-tera-full-sleeve-t-shirt-men-s-printed-full-sleeve-t-shirt-246579-1571728433.jpg
Royal Full Sleeve T-Shirt,299,https://images.bewakoof.com/t320/baap-hoon-tera-full-sleeve-t-shirt-men-s-printed-full-sleeve-t-shirt-246579-1571728433.jpg
Sirf Dost Half Sleeve T-Shirt,299,https://images.bewakoof.com/t320/baap-hoon-tera-full-sleeve-t-shirt-men-s-printed-full-sleeve-t-shirt-246579-1571728433.jpg
Time Aayega Full Sleeve T-Shirt,325,https://images.bewakoof.com/t320/baap-hoon-tera-full-sleeve-t-shirt-men-s-printed-full-sleeve-t-shirt-246579-1571728433.jpg
Dost Mujhe Sudharne Nahi Dete Full Sleeve T-Shirt,499,https://images.bewakoof.com/t320/baap-hoon-tera-full-sleeve-t-shirt-men-s-printed-full-sleeve-t-shirt-246579-1571728433.jpg
Wait And Watch Full Sleeve T-Shirt,299,https://images.bewakoof.com/t320/baap-hoon-tera-full-sleeve-t-shirt-men-s-printed-full-sleeve-t-shirt-246579-1571728433.jpg
Firse Pyaar Full Sleeve T-Shirt,499,https://images.bewakoof.com/t320/baap-hoon-tera-full-sleeve-t-shirt-men-s-printed-full-sleeve-t-shirt-246579-1571728433.jpg
Apna Time Ayega Full Sleeve T-Shirt,325,https://images.bewakoof.com/t320/baap-hoon-tera-full-sleeve-t-shirt-men-s-printed-full-sleeve-t-shirt-246579-1571728433.jpg
Baap Hoon Tera Half Sleeve T-Shirt,449,https://images.bewakoof.com/t320/baap-hoon-tera-full-sleeve-t-shirt-men-s-printed-full-sleeve-t-shirt-246579-1571728433.jpg
Zindagi Badi Honi Chahiye Half Sleeve T-Shirt,449,https://images.bewakoof.com/t320/baap-hoon-tera-full-sleeve-t-shirt-men-s-printed-full-sleeve-t-shirt-246579-1571728433.jpg
Haq Se Back Bencher Full Sleeve T-Shirt,499,https://images.bewakoof.com/t320/baap-hoon-tera-full-sleeve-t-shirt-men-s-printed-full-sleeve-t-shirt-246579-1571728433.jpg
Zindagi Badi Honi Chahiye Full Sleeve T-Shirt,499,https://images.bewakoof.com/t320/baap-hoon-tera-full-sleeve-t-shirt-men-s-printed-full-sleeve-t-shirt-246579-1571728433.jpg
Pehli Fursat Mein Nikal Half Sleeve T-Shirt,299,https://images.bewakoof.com/t320/baap-hoon-tera-full-sleeve-t-shirt-men-s-printed-full-sleeve-t-shirt-246579-1571728433.jpg
Zindagi Badi Honi Chahiye Half Sleeve T-Shirt,449,https://images.bewakoof.com/t320/baap-hoon-tera-full-sleeve-t-shirt-men-s-printed-full-sleeve-t-shirt-246579-1571728433.jpg
Jai Hind Doston Full Sleeve T-Shirt,499,https://images.bewakoof.com/t320/baap-hoon-tera-full-sleeve-t-shirt-men-s-printed-full-sleeve-t-shirt-246579-1571728433.jpg
Zindagi Badi Honi Chahiye Full Sleeve T-Shirt,499,https://images.bewakoof.com/t320/baap-hoon-tera-full-sleeve-t-shirt-men-s-printed-full-sleeve-t-shirt-246579-1571728433.jpg
Rok Sako Toh Rok Lo Bike Half Sleeve T-Shirt,449,https://images.bewakoof.com/t320/baap-hoon-tera-full-sleeve-t-shirt-men-s-printed-full-sleeve-t-shirt-246579-1571728433.jpg
Ek Engineer Hoon Half Sleeve T-Shirt,449,https://images.bewakoof.com/t320/baap-hoon-tera-full-sleeve-t-shirt-men-s-printed-full-sleeve-t-shirt-246579-1571728433.jpg
Cute Shaanti Full Sleeve T-Shirt,299,https://images.bewakoof.com/t320/baap-hoon-tera-full-sleeve-t-shirt-men-s-printed-full-sleeve-t-shirt-246579-1571728433.jpg
Hamesha Late Full Sleeve T-Shirt,499,https://images.bewakoof.com/t320/baap-hoon-tera-full-sleeve-t-shirt-men-s-printed-full-sleeve-t-shirt-246579-1571728433.jpg
Aur Kitna Pressure Half Sleeve T-Shirt,449,https://images.bewakoof.com/t320/baap-hoon-tera-full-sleeve-t-shirt-men-s-printed-full-sleeve-t-shirt-246579-1571728433.jpg
Cute Shaanti Full Sleeve T-Shirt,299,https://images.bewakoof.com/t320/baap-hoon-tera-full-sleeve-t-shirt-men-s-printed-full-sleeve-t-shirt-246579-1571728433.jpg
Pehli Fursat Mein Nikal Half Sleeve T-Shirt,299,https://images.bewakoof.com/t320/baap-hoon-tera-full-sleeve-t-shirt-men-s-printed-full-sleeve-t-shirt-246579-1571728433.jpg
Cute Shaanti Half Sleeve T-Shirt,259,https://images.bewakoof.com/t320/baap-hoon-tera-full-sleeve-t-shirt-men-s-printed-full-sleeve-t-shirt-246579-1571728433.jpg
Chill Elements Half Sleeve T-Shirt,449,https://images.bewakoof.com/t320/baap-hoon-tera-full-sleeve-t-shirt-men-s-printed-full-sleeve-t-shirt-246579-1571728433.jpg
Musafir Doodle Half Sleeve T-Shirt,449,https://images.bewakoof.com/t320/baap-hoon-tera-full-sleeve-t-shirt-men-s-printed-full-sleeve-t-shirt-246579-1571728433.jpg
Cute Shaanti Half Sleeve T-Shirt,259,https://images.bewakoof.com/t320/baap-hoon-tera-full-sleeve-t-shirt-men-s-printed-full-sleeve-t-shirt-246579-1571728433.jpg
Rok Sako Toh Rok Lo Bike Full Sleeve T-Shirt,499,https://images.bewakoof.com/t320/baap-hoon-tera-full-sleeve-t-shirt-men-s-printed-full-sleeve-t-shirt-246579-1571728433.jpg
Ek Engineer Hoon Full Sleeve T-Shirt,499,https://images.bewakoof.com/t320/baap-hoon-tera-full-sleeve-t-shirt-men-s-printed-full-sleeve-t-shirt-246579-1571728433.jpg
Pehli Fursat Mein Nikal Half Sleeve T-Shirt,225,https://images.bewakoof.com/t320/baap-hoon-tera-full-sleeve-t-shirt-men-s-printed-full-sleeve-t-shirt-246579-1571728433.jpg
Hamesha Late Half Sleeve T-Shirt,449,https://images.bewakoof.com/t320/baap-hoon-tera-full-sleeve-t-shirt-men-s-printed-full-sleeve-t-shirt-246579-1571728433.jpg
Chill Elements Full Sleeve T-Shirt,499,https://images.bewakoof.com/t320/baap-hoon-tera-full-sleeve-t-shirt-men-s-printed-full-sleeve-t-shirt-246579-1571728433.jpg
Bholenaath Full Sleeve T-Shirt,325,https://images.bewakoof.com/t320/baap-hoon-tera-full-sleeve-t-shirt-men-s-printed-full-sleeve-t-shirt-246579-1571728433.jpg
Pehli Fursat Mein Nikal Full Sleeve T-Shirt,325,https://images.bewakoof.com/t320/baap-hoon-tera-full-sleeve-t-shirt-men-s-printed-full-sleeve-t-shirt-246579-1571728433.jpg
Haq Se Back Bencher Half Sleeve T-Shirt,449,https://images.bewakoof.com/t320/baap-hoon-tera-full-sleeve-t-shirt-men-s-printed-full-sleeve-t-shirt-246579-1571728433.jpg
Musafir Doodle Half Sleeve T-Shirt,449,https://images.bewakoof.com/t320/baap-hoon-tera-full-sleeve-t-shirt-men-s-printed-full-sleeve-t-shirt-246579-1571728433.jpg
Aur Kitna Pressure Full Sleeve T-Shirt,499,https://images.bewakoof.com/t320/baap-hoon-tera-full-sleeve-t-shirt-men-s-printed-full-sleeve-t-shirt-246579-1571728433.jpg
Musafir Doodle Full Sleeve T-Shirt,499,https://images.bewakoof.com/t320/baap-hoon-tera-full-sleeve-t-shirt-men-s-printed-full-sleeve-t-shirt-246579-1571728433.jpg
Swagat Toh Karo Hamara Half Sleeve T-Shirt,449,https://images.bewakoof.com/t320/pehli-fursat-mein-nikal-full-sleeve-t-shirt-men-s-printed-full-sleeve-t-shirt-244334-1571377753.jpg
Gym Karo Half Sleeve T-Shirt,275,https://images.bewakoof.com/t320/pehli-fursat-mein-nikal-full-sleeve-t-shirt-men-s-printed-full-sleeve-t-shirt-244334-1571377753.jpg
Swagat Toh Karo Hamara Half Sleeve T-Shirt,449,https://images.bewakoof.com/t320/pehli-fursat-mein-nikal-full-sleeve-t-shirt-men-s-printed-full-sleeve-t-shirt-244334-1571377753.jpg
Baap Hoon Tera Full Sleeve T-Shirt,499,https://images.bewakoof.com/t320/pehli-fursat-mein-nikal-full-sleeve-t-shirt-men-s-printed-full-sleeve-t-shirt-244334-1571377753.jpg
Pehli Fursat Mein Nikal Full Sleeve T-Shirt,299,https://images.bewakoof.com/t320/pehli-fursat-mein-nikal-full-sleeve-t-shirt-men-s-printed-full-sleeve-t-shirt-244334-1571377753.jpg
Swagat Toh Karo Hamara Full Sleeve T-Shirt,499,https://images.bewakoof.com/t320/pehli-fursat-mein-nikal-full-sleeve-t-shirt-men-s-printed-full-sleeve-t-shirt-244334-1571377753.jpg
Dost Mujhe Sudharne Nahi Dete Half Sleeve T-Shirt,449,https://images.bewakoof.com/t320/pehli-fursat-mein-nikal-full-sleeve-t-shirt-men-s-printed-full-sleeve-t-shirt-244334-1571377753.jpg
Gym Karo Full Sleeve T-Shirt,325,https://images.bewakoof.com/t320/pehli-fursat-mein-nikal-full-sleeve-t-shirt-men-s-printed-full-sleeve-t-shirt-244334-1571377753.jpg
Dost Mujhe Sudharne Nahi Dete Full Sleeve T-Shirt,499,https://images.bewakoof.com/t320/pehli-fursat-mein-nikal-full-sleeve-t-shirt-men-s-printed-full-sleeve-t-shirt-244334-1571377753.jpg
Safarnama Full Sleeve T-Shirt,325,https://images.bewakoof.com/t320/pehli-fursat-mein-nikal-full-sleeve-t-shirt-men-s-printed-full-sleeve-t-shirt-244334-1571377753.jpg
Dimaag Garam Half Sleeve T-Shirt,259,https://images.bewakoof.com/t320/pehli-fursat-mein-nikal-full-sleeve-t-shirt-men-s-printed-full-sleeve-t-shirt-244334-1571377753.jpg
Dost Mujhe Sudharne Nahi Dete Half Sleeve T-Shirt,449,https://images.bewakoof.com/t320/pehli-fursat-mein-nikal-full-sleeve-t-shirt-men-s-printed-full-sleeve-t-shirt-244334-1571377753.jpg
Royal Full Sleeve T-Shirt,299,https://images.bewakoof.com/t320/pehli-fursat-mein-nikal-full-sleeve-t-shirt-men-s-printed-full-sleeve-t-shirt-244334-1571377753.jpg
Sirf Dost Half Sleeve T-Shirt,299,https://images.bewakoof.com/t320/pehli-fursat-mein-nikal-full-sleeve-t-shirt-men-s-printed-full-sleeve-t-shirt-244334-1571377753.jpg
Time Aayega Full Sleeve T-Shirt,325,https://images.bewakoof.com/t320/pehli-fursat-mein-nikal-full-sleeve-t-shirt-men-s-printed-full-sleeve-t-shirt-244334-1571377753.jpg
Dost Mujhe Sudharne Nahi Dete Full Sleeve T-Shirt,499,https://images.bewakoof.com/t320/pehli-fursat-mein-nikal-full-sleeve-t-shirt-men-s-printed-full-sleeve-t-shirt-244334-1571377753.jpg
Wait And Watch Full Sleeve T-Shirt,299,https://images.bewakoof.com/t320/pehli-fursat-mein-nikal-full-sleeve-t-shirt-men-s-printed-full-sleeve-t-shirt-244334-1571377753.jpg
Firse Pyaar Full Sleeve T-Shirt,499,https://images.bewakoof.com/t320/pehli-fursat-mein-nikal-full-sleeve-t-shirt-men-s-printed-full-sleeve-t-shirt-244334-1571377753.jpg
Apna Time Ayega Full Sleeve T-Shirt,325,https://images.bewakoof.com/t320/pehli-fursat-mein-nikal-full-sleeve-t-shirt-men-s-printed-full-sleeve-t-shirt-244334-1571377753.jpg
Baap Hoon Tera Half Sleeve T-Shirt,449,https://images.bewakoof.com/t320/pehli-fursat-mein-nikal-full-sleeve-t-shirt-men-s-printed-full-sleeve-t-shirt-244334-1571377753.jpg
Zindagi Badi Honi Chahiye Half Sleeve T-Shirt,449,https://images.bewakoof.com/t320/pehli-fursat-mein-nikal-full-sleeve-t-shirt-men-s-printed-full-sleeve-t-shirt-244334-1571377753.jpg
Haq Se Back Bencher Full Sleeve T-Shirt,499,https://images.bewakoof.com/t320/pehli-fursat-mein-nikal-full-sleeve-t-shirt-men-s-printed-full-sleeve-t-shirt-244334-1571377753.jpg
Zindagi Badi Honi Chahiye Full Sleeve T-Shirt,499,https://images.bewakoof.com/t320/pehli-fursat-mein-nikal-full-sleeve-t-shirt-men-s-printed-full-sleeve-t-shirt-244334-1571377753.jpg
Pehli Fursat Mein Nikal Half Sleeve T-Shirt,299,https://images.bewakoof.com/t320/pehli-fursat-mein-nikal-full-sleeve-t-shirt-men-s-printed-full-sleeve-t-shirt-244334-1571377753.jpg
Zindagi Badi Honi Chahiye Half Sleeve T-Shirt,449,https://images.bewakoof.com/t320/pehli-fursat-mein-nikal-full-sleeve-t-shirt-men-s-printed-full-sleeve-t-shirt-244334-1571377753.jpg
Jai Hind Doston Full Sleeve T-Shirt,499,https://images.bewakoof.com/t320/pehli-fursat-mein-nikal-full-sleeve-t-shirt-men-s-printed-full-sleeve-t-shirt-244334-1571377753.jpg
Zindagi Badi Honi Chahiye Full Sleeve T-Shirt,499,https://images.bewakoof.com/t320/pehli-fursat-mein-nikal-full-sleeve-t-shirt-men-s-printed-full-sleeve-t-shirt-244334-1571377753.jpg
Rok Sako Toh Rok Lo Bike Half Sleeve T-Shirt,449,https://images.bewakoof.com/t320/pehli-fursat-mein-nikal-full-sleeve-t-shirt-men-s-printed-full-sleeve-t-shirt-244334-1571377753.jpg
Ek Engineer Hoon Half Sleeve T-Shirt,449,https://images.bewakoof.com/t320/pehli-fursat-mein-nikal-full-sleeve-t-shirt-men-s-printed-full-sleeve-t-shirt-244334-1571377753.jpg
Cute Shaanti Full Sleeve T-Shirt,299,https://images.bewakoof.com/t320/pehli-fursat-mein-nikal-full-sleeve-t-shirt-men-s-printed-full-sleeve-t-shirt-244334-1571377753.jpg
Hamesha Late Full Sleeve T-Shirt,499,https://images.bewakoof.com/t320/pehli-fursat-mein-nikal-full-sleeve-t-shirt-men-s-printed-full-sleeve-t-shirt-244334-1571377753.jpg
Aur Kitna Pressure Half Sleeve T-Shirt,449,https://images.bewakoof.com/t320/pehli-fursat-mein-nikal-full-sleeve-t-shirt-men-s-printed-full-sleeve-t-shirt-244334-1571377753.jpg
Cute Shaanti Full Sleeve T-Shirt,299,https://images.bewakoof.com/t320/pehli-fursat-mein-nikal-full-sleeve-t-shirt-men-s-printed-full-sleeve-t-shirt-244334-1571377753.jpg
Pehli Fursat Mein Nikal Half Sleeve T-Shirt,299,https://images.bewakoof.com/t320/pehli-fursat-mein-nikal-full-sleeve-t-shirt-men-s-printed-full-sleeve-t-shirt-244334-1571377753.jpg
Cute Shaanti Half Sleeve T-Shirt,259,https://images.bewakoof.com/t320/pehli-fursat-mein-nikal-full-sleeve-t-shirt-men-s-printed-full-sleeve-t-shirt-244334-1571377753.jpg
Chill Elements Half Sleeve T-Shirt,449,https://images.bewakoof.com/t320/pehli-fursat-mein-nikal-full-sleeve-t-shirt-men-s-printed-full-sleeve-t-shirt-244334-1571377753.jpg
Musafir Doodle Half Sleeve T-Shirt,449,https://images.bewakoof.com/t320/pehli-fursat-mein-nikal-full-sleeve-t-shirt-men-s-printed-full-sleeve-t-shirt-244334-1571377753.jpg
Cute Shaanti Half Sleeve T-Shirt,259,https://images.bewakoof.com/t320/pehli-fursat-mein-nikal-full-sleeve-t-shirt-men-s-printed-full-sleeve-t-shirt-244334-1571377753.jpg
Rok Sako Toh Rok Lo Bike Full Sleeve T-Shirt,499,https://images.bewakoof.com/t320/pehli-fursat-mein-nikal-full-sleeve-t-shirt-men-s-printed-full-sleeve-t-shirt-244334-1571377753.jpg
Ek Engineer Hoon Full Sleeve T-Shirt,499,https://images.bewakoof.com/t320/pehli-fursat-mein-nikal-full-sleeve-t-shirt-men-s-printed-full-sleeve-t-shirt-244334-1571377753.jpg
Pehli Fursat Mein Nikal Half Sleeve T-Shirt,225,https://images.bewakoof.com/t320/pehli-fursat-mein-nikal-full-sleeve-t-shirt-men-s-printed-full-sleeve-t-shirt-244334-1571377753.jpg
Hamesha Late Half Sleeve T-Shirt,449,https://images.bewakoof.com/t320/pehli-fursat-mein-nikal-full-sleeve-t-shirt-men-s-printed-full-sleeve-t-shirt-244334-1571377753.jpg
Chill Elements Full Sleeve T-Shirt,499,https://images.bewakoof.com/t320/pehli-fursat-mein-nikal-full-sleeve-t-shirt-men-s-printed-full-sleeve-t-shirt-244334-1571377753.jpg
Bholenaath Full Sleeve T-Shirt,325,https://images.bewakoof.com/t320/pehli-fursat-mein-nikal-full-sleeve-t-shirt-men-s-printed-full-sleeve-t-shirt-244334-1571377753.jpg
Pehli Fursat Mein Nikal Full Sleeve T-Shirt,325,https://images.bewakoof.com/t320/pehli-fursat-mein-nikal-full-sleeve-t-shirt-men-s-printed-full-sleeve-t-shirt-244334-1571377753.jpg
Haq Se Back Bencher Half Sleeve T-Shirt,449,https://images.bewakoof.com/t320/pehli-fursat-mein-nikal-full-sleeve-t-shirt-men-s-printed-full-sleeve-t-shirt-244334-1571377753.jpg
Musafir Doodle Half Sleeve T-Shirt,449,https://images.bewakoof.com/t320/pehli-fursat-mein-nikal-full-sleeve-t-shirt-men-s-printed-full-sleeve-t-shirt-244334-1571377753.jpg
Aur Kitna Pressure Full Sleeve T-Shirt,499,https://images.bewakoof.com/t320/pehli-fursat-mein-nikal-full-sleeve-t-shirt-men-s-printed-full-sleeve-t-shirt-244334-1571377753.jpg
Musafir Doodle Full Sleeve T-Shirt,499,https://images.bewakoof.com/t320/pehli-fursat-mein-nikal-full-sleeve-t-shirt-men-s-printed-full-sleeve-t-shirt-244334-1571377753.jpg
Swagat Toh Karo Hamara Half Sleeve T-Shirt,449,https://images.bewakoof.com/t320/swagat-toh-karo-hamara-full-sleeve-t-shirt-men-s-printed-full-sleeve-t-shirt-248264-1572590377.jpg
Gym Karo Half Sleeve T-Shirt,275,https://images.bewakoof.com/t320/swagat-toh-karo-hamara-full-sleeve-t-shirt-men-s-printed-full-sleeve-t-shirt-248264-1572590377.jpg
Swagat Toh Karo Hamara Half Sleeve T-Shirt,449,https://images.bewakoof.com/t320/swagat-toh-karo-hamara-full-sleeve-t-shirt-men-s-printed-full-sleeve-t-shirt-248264-1572590377.jpg
Baap Hoon Tera Full Sleeve T-Shirt,499,https://images.bewakoof.com/t320/swagat-toh-karo-hamara-full-sleeve-t-shirt-men-s-printed-full-sleeve-t-shirt-248264-1572590377.jpg
Pehli Fursat Mein Nikal Full Sleeve T-Shirt,299,https://images.bewakoof.com/t320/swagat-toh-karo-hamara-full-sleeve-t-shirt-men-s-printed-full-sleeve-t-shirt-248264-1572590377.jpg
Swagat Toh Karo Hamara Full Sleeve T-Shirt,499,https://images.bewakoof.com/t320/swagat-toh-karo-hamara-full-sleeve-t-shirt-men-s-printed-full-sleeve-t-shirt-248264-1572590377.jpg
Dost Mujhe Sudharne Nahi Dete Half Sleeve T-Shirt,449,https://images.bewakoof.com/t320/swagat-toh-karo-hamara-full-sleeve-t-shirt-men-s-printed-full-sleeve-t-shirt-248264-1572590377.jpg
Gym Karo Full Sleeve T-Shirt,325,https://images.bewakoof.com/t320/swagat-toh-karo-hamara-full-sleeve-t-shirt-men-s-printed-full-sleeve-t-shirt-248264-1572590377.jpg
Dost Mujhe Sudharne Nahi Dete Full Sleeve T-Shirt,499,https://images.bewakoof.com/t320/swagat-toh-karo-hamara-full-sleeve-t-shirt-men-s-printed-full-sleeve-t-shirt-248264-1572590377.jpg
Safarnama Full Sleeve T-Shirt,325,https://images.bewakoof.com/t320/swagat-toh-karo-hamara-full-sleeve-t-shirt-men-s-printed-full-sleeve-t-shirt-248264-1572590377.jpg
Dimaag Garam Half Sleeve T-Shirt,259,https://images.bewakoof.com/t320/swagat-toh-karo-hamara-full-sleeve-t-shirt-men-s-printed-full-sleeve-t-shirt-248264-1572590377.jpg
Dost Mujhe Sudharne Nahi Dete Half Sleeve T-Shirt,449,https://images.bewakoof.com/t320/swagat-toh-karo-hamara-full-sleeve-t-shirt-men-s-printed-full-sleeve-t-shirt-248264-1572590377.jpg
Royal Full Sleeve T-Shirt,299,https://images.bewakoof.com/t320/swagat-toh-karo-hamara-full-sleeve-t-shirt-men-s-printed-full-sleeve-t-shirt-248264-1572590377.jpg
Sirf Dost Half Sleeve T-Shirt,299,https://images.bewakoof.com/t320/swagat-toh-karo-hamara-full-sleeve-t-shirt-men-s-printed-full-sleeve-t-shirt-248264-1572590377.jpg
Time Aayega Full Sleeve T-Shirt,325,https://images.bewakoof.com/t320/swagat-toh-karo-hamara-full-sleeve-t-shirt-men-s-printed-full-sleeve-t-shirt-248264-1572590377.jpg
Dost Mujhe Sudharne Nahi Dete Full Sleeve T-Shirt,499,https://images.bewakoof.com/t320/swagat-toh-karo-hamara-full-sleeve-t-shirt-men-s-printed-full-sleeve-t-shirt-248264-1572590377.jpg
Wait And Watch Full Sleeve T-Shirt,299,https://images.bewakoof.com/t320/swagat-toh-karo-hamara-full-sleeve-t-shirt-men-s-printed-full-sleeve-t-shirt-248264-1572590377.jpg
Firse Pyaar Full Sleeve T-Shirt,499,https://images.bewakoof.com/t320/swagat-toh-karo-hamara-full-sleeve-t-shirt-men-s-printed-full-sleeve-t-shirt-248264-1572590377.jpg
Apna Time Ayega Full Sleeve T-Shirt,325,https://images.bewakoof.com/t320/swagat-toh-karo-hamara-full-sleeve-t-shirt-men-s-printed-full-sleeve-t-shirt-248264-1572590377.jpg
Baap Hoon Tera Half Sleeve T-Shirt,449,https://images.bewakoof.com/t320/swagat-toh-karo-hamara-full-sleeve-t-shirt-men-s-printed-full-sleeve-t-shirt-248264-1572590377.jpg
Zindagi Badi Honi Chahiye Half Sleeve T-Shirt,449,https://images.bewakoof.com/t320/swagat-toh-karo-hamara-full-sleeve-t-shirt-men-s-printed-full-sleeve-t-shirt-248264-1572590377.jpg
Haq Se Back Bencher Full Sleeve T-Shirt,499,https://images.bewakoof.com/t320/swagat-toh-karo-hamara-full-sleeve-t-shirt-men-s-printed-full-sleeve-t-shirt-248264-1572590377.jpg
Zindagi Badi Honi Chahiye Full Sleeve T-Shirt,499,https://images.bewakoof.com/t320/swagat-toh-karo-hamara-full-sleeve-t-shirt-men-s-printed-full-sleeve-t-shirt-248264-1572590377.jpg
Pehli Fursat Mein Nikal Half Sleeve T-Shirt,299,https://images.bewakoof.com/t320/swagat-toh-karo-hamara-full-sleeve-t-shirt-men-s-printed-full-sleeve-t-shirt-248264-1572590377.jpg
Zindagi Badi Honi Chahiye Half Sleeve T-Shirt,449,https://images.bewakoof.com/t320/swagat-toh-karo-hamara-full-sleeve-t-shirt-men-s-printed-full-sleeve-t-shirt-248264-1572590377.jpg
Jai Hind Doston Full Sleeve T-Shirt,499,https://images.bewakoof.com/t320/swagat-toh-karo-hamara-full-sleeve-t-shirt-men-s-printed-full-sleeve-t-shirt-248264-1572590377.jpg
Zindagi Badi Honi Chahiye Full Sleeve T-Shirt,499,https://images.bewakoof.com/t320/swagat-toh-karo-hamara-full-sleeve-t-shirt-men-s-printed-full-sleeve-t-shirt-248264-1572590377.jpg
Rok Sako Toh Rok Lo Bike Half Sleeve T-Shirt,449,https://images.bewakoof.com/t320/swagat-toh-karo-hamara-full-sleeve-t-shirt-men-s-printed-full-sleeve-t-shirt-248264-1572590377.jpg
Ek Engineer Hoon Half Sleeve T-Shirt,449,https://images.bewakoof.com/t320/swagat-toh-karo-hamara-full-sleeve-t-shirt-men-s-printed-full-sleeve-t-shirt-248264-1572590377.jpg
Cute Shaanti Full Sleeve T-Shirt,299,https://images.bewakoof.com/t320/swagat-toh-karo-hamara-full-sleeve-t-shirt-men-s-printed-full-sleeve-t-shirt-248264-1572590377.jpg
Hamesha Late Full Sleeve T-Shirt,499,https://images.bewakoof.com/t320/swagat-toh-karo-hamara-full-sleeve-t-shirt-men-s-printed-full-sleeve-t-shirt-248264-1572590377.jpg
Aur Kitna Pressure Half Sleeve T-Shirt,449,https://images.bewakoof.com/t320/swagat-toh-karo-hamara-full-sleeve-t-shirt-men-s-printed-full-sleeve-t-shirt-248264-1572590377.jpg
Cute Shaanti Full Sleeve T-Shirt,299,https://images.bewakoof.com/t320/swagat-toh-karo-hamara-full-sleeve-t-shirt-men-s-printed-full-sleeve-t-shirt-248264-1572590377.jpg
Pehli Fursat Mein Nikal Half Sleeve T-Shirt,299,https://images.bewakoof.com/t320/swagat-toh-karo-hamara-full-sleeve-t-shirt-men-s-printed-full-sleeve-t-shirt-248264-1572590377.jpg
Cute Shaanti Half Sleeve T-Shirt,259,https://images.bewakoof.com/t320/swagat-toh-karo-hamara-full-sleeve-t-shirt-men-s-printed-full-sleeve-t-shirt-248264-1572590377.jpg
Chill Elements Half Sleeve T-Shirt,449,https://images.bewakoof.com/t320/swagat-toh-karo-hamara-full-sleeve-t-shirt-men-s-printed-full-sleeve-t-shirt-248264-1572590377.jpg
Musafir Doodle Half Sleeve T-Shirt,449,https://images.bewakoof.com/t320/swagat-toh-karo-hamara-full-sleeve-t-shirt-men-s-printed-full-sleeve-t-shirt-248264-1572590377.jpg
Cute Shaanti Half Sleeve T-Shirt,259,https://images.bewakoof.com/t320/swagat-toh-karo-hamara-full-sleeve-t-shirt-men-s-printed-full-sleeve-t-shirt-248264-1572590377.jpg
Rok Sako Toh Rok Lo Bike Full Sleeve T-Shirt,499,https://images.bewakoof.com/t320/swagat-toh-karo-hamara-full-sleeve-t-shirt-men-s-printed-full-sleeve-t-shirt-248264-1572590377.jpg
Ek Engineer Hoon Full Sleeve T-Shirt,499,https://images.bewakoof.com/t320/swagat-toh-karo-hamara-full-sleeve-t-shirt-men-s-printed-full-sleeve-t-shirt-248264-1572590377.jpg
Pehli Fursat Mein Nikal Half Sleeve T-Shirt,225,https://images.bewakoof.com/t320/swagat-toh-karo-hamara-full-sleeve-t-shirt-men-s-printed-full-sleeve-t-shirt-248264-1572590377.jpg
Hamesha Late Half Sleeve T-Shirt,449,https://images.bewakoof.com/t320/swagat-toh-karo-hamara-full-sleeve-t-shirt-men-s-printed-full-sleeve-t-shirt-248264-1572590377.jpg
Chill Elements Full Sleeve T-Shirt,499,https://images.bewakoof.com/t320/swagat-toh-karo-hamara-full-sleeve-t-shirt-men-s-printed-full-sleeve-t-shirt-248264-1572590377.jpg
Bholenaath Full Sleeve T-Shirt,325,https://images.bewakoof.com/t320/swagat-toh-karo-hamara-full-sleeve-t-shirt-men-s-printed-full-sleeve-t-shirt-248264-1572590377.jpg
Pehli Fursat Mein Nikal Full Sleeve T-Shirt,325,https://images.bewakoof.com/t320/swagat-toh-karo-hamara-full-sleeve-t-shirt-men-s-printed-full-sleeve-t-shirt-248264-1572590377.jpg
Haq Se Back Bencher Half Sleeve T-Shirt,449,https://images.bewakoof.com/t320/swagat-toh-karo-hamara-full-sleeve-t-shirt-men-s-printed-full-sleeve-t-shirt-248264-1572590377.jpg
Musafir Doodle Half Sleeve T-Shirt,449,https://images.bewakoof.com/t320/swagat-toh-karo-hamara-full-sleeve-t-shirt-men-s-printed-full-sleeve-t-shirt-248264-1572590377.jpg
Aur Kitna Pressure Full Sleeve T-Shirt,499,https://images.bewakoof.com/t320/swagat-toh-karo-hamara-full-sleeve-t-shirt-men-s-printed-full-sleeve-t-shirt-248264-1572590377.jpg
Musafir Doodle Full Sleeve T-Shirt,499,https://images.bewakoof.com/t320/swagat-toh-karo-hamara-full-sleeve-t-shirt-men-s-printed-full-sleeve-t-shirt-248264-1572590377.jpg
Swagat Toh Karo Hamara Half Sleeve T-Shirt,449,https://images.bewakoof.com/t320/dost-mujhe-sudharne-nahi-dete-half-sleeve-t-shirt-men-s-printed-t-shirts-249305-1572852923.jpg
Gym Karo Half Sleeve T-Shirt,275,https://images.bewakoof.com/t320/dost-mujhe-sudharne-nahi-dete-half-sleeve-t-shirt-men-s-printed-t-shirts-249305-1572852923.jpg
Swagat Toh Karo Hamara Half Sleeve T-Shirt,449,https://images.bewakoof.com/t320/dost-mujhe-sudharne-nahi-dete-half-sleeve-t-shirt-men-s-printed-t-shirts-249305-1572852923.jpg
Baap Hoon Tera Full Sleeve T-Shirt,499,https://images.bewakoof.com/t320/dost-mujhe-sudharne-nahi-dete-half-sleeve-t-shirt-men-s-printed-t-shirts-249305-1572852923.jpg
Pehli Fursat Mein Nikal Full Sleeve T-Shirt,299,https://images.bewakoof.com/t320/dost-mujhe-sudharne-nahi-dete-half-sleeve-t-shirt-men-s-printed-t-shirts-249305-1572852923.jpg
Swagat Toh Karo Hamara Full Sleeve T-Shirt,499,https://images.bewakoof.com/t320/dost-mujhe-sudharne-nahi-dete-half-sleeve-t-shirt-men-s-printed-t-shirts-249305-1572852923.jpg
Dost Mujhe Sudharne Nahi Dete Half Sleeve T-Shirt,449,https://images.bewakoof.com/t320/dost-mujhe-sudharne-nahi-dete-half-sleeve-t-shirt-men-s-printed-t-shirts-249305-1572852923.jpg
Gym Karo Full Sleeve T-Shirt,325,https://images.bewakoof.com/t320/dost-mujhe-sudharne-nahi-dete-half-sleeve-t-shirt-men-s-printed-t-shirts-249305-1572852923.jpg
Dost Mujhe Sudharne Nahi Dete Full Sleeve T-Shirt,499,https://images.bewakoof.com/t320/dost-mujhe-sudharne-nahi-dete-half-sleeve-t-shirt-men-s-printed-t-shirts-249305-1572852923.jpg
Safarnama Full Sleeve T-Shirt,325,https://images.bewakoof.com/t320/dost-mujhe-sudharne-nahi-dete-half-sleeve-t-shirt-men-s-printed-t-shirts-249305-1572852923.jpg
Dimaag Garam Half Sleeve T-Shirt,259,https://images.bewakoof.com/t320/dost-mujhe-sudharne-nahi-dete-half-sleeve-t-shirt-men-s-printed-t-shirts-249305-1572852923.jpg
Dost Mujhe Sudharne Nahi Dete Half Sleeve T-Shirt,449,https://images.bewakoof.com/t320/dost-mujhe-sudharne-nahi-dete-half-sleeve-t-shirt-men-s-printed-t-shirts-249305-1572852923.jpg
Royal Full Sleeve T-Shirt,299,https://images.bewakoof.com/t320/dost-mujhe-sudharne-nahi-dete-half-sleeve-t-shirt-men-s-printed-t-shirts-249305-1572852923.jpg
Sirf Dost Half Sleeve T-Shirt,299,https://images.bewakoof.com/t320/dost-mujhe-sudharne-nahi-dete-half-sleeve-t-shirt-men-s-printed-t-shirts-249305-1572852923.jpg
Time Aayega Full Sleeve T-Shirt,325,https://images.bewakoof.com/t320/dost-mujhe-sudharne-nahi-dete-half-sleeve-t-shirt-men-s-printed-t-shirts-249305-1572852923.jpg
Dost Mujhe Sudharne Nahi Dete Full Sleeve T-Shirt,499,https://images.bewakoof.com/t320/dost-mujhe-sudharne-nahi-dete-half-sleeve-t-shirt-men-s-printed-t-shirts-249305-1572852923.jpg
Wait And Watch Full Sleeve T-Shirt,299,https://images.bewakoof.com/t320/dost-mujhe-sudharne-nahi-dete-half-sleeve-t-shirt-men-s-printed-t-shirts-249305-1572852923.jpg
Firse Pyaar Full Sleeve T-Shirt,499,https://images.bewakoof.com/t320/dost-mujhe-sudharne-nahi-dete-half-sleeve-t-shirt-men-s-printed-t-shirts-249305-1572852923.jpg
Apna Time Ayega Full Sleeve T-Shirt,325,https://images.bewakoof.com/t320/dost-mujhe-sudharne-nahi-dete-half-sleeve-t-shirt-men-s-printed-t-shirts-249305-1572852923.jpg
Baap Hoon Tera Half Sleeve T-Shirt,449,https://images.bewakoof.com/t320/dost-mujhe-sudharne-nahi-dete-half-sleeve-t-shirt-men-s-printed-t-shirts-249305-1572852923.jpg
Zindagi Badi Honi Chahiye Half Sleeve T-Shirt,449,https://images.bewakoof.com/t320/dost-mujhe-sudharne-nahi-dete-half-sleeve-t-shirt-men-s-printed-t-shirts-249305-1572852923.jpg
Haq Se Back Bencher Full Sleeve T-Shirt,499,https://images.bewakoof.com/t320/dost-mujhe-sudharne-nahi-dete-half-sleeve-t-shirt-men-s-printed-t-shirts-249305-1572852923.jpg
Zindagi Badi Honi Chahiye Full Sleeve T-Shirt,499,https://images.bewakoof.com/t320/dost-mujhe-sudharne-nahi-dete-half-sleeve-t-shirt-men-s-printed-t-shirts-249305-1572852923.jpg
Pehli Fursat Mein Nikal Half Sleeve T-Shirt,299,https://images.bewakoof.com/t320/dost-mujhe-sudharne-nahi-dete-half-sleeve-t-shirt-men-s-printed-t-shirts-249305-1572852923.jpg
Zindagi Badi Honi Chahiye Half Sleeve T-Shirt,449,https://images.bewakoof.com/t320/dost-mujhe-sudharne-nahi-dete-half-sleeve-t-shirt-men-s-printed-t-shirts-249305-1572852923.jpg
Jai Hind Doston Full Sleeve T-Shirt,499,https://images.bewakoof.com/t320/dost-mujhe-sudharne-nahi-dete-half-sleeve-t-shirt-men-s-printed-t-shirts-249305-1572852923.jpg
Zindagi Badi Honi Chahiye Full Sleeve T-Shirt,499,https://images.bewakoof.com/t320/dost-mujhe-sudharne-nahi-dete-half-sleeve-t-shirt-men-s-printed-t-shirts-249305-1572852923.jpg
Rok Sako Toh Rok Lo Bike Half Sleeve T-Shirt,449,https://images.bewakoof.com/t320/dost-mujhe-sudharne-nahi-dete-half-sleeve-t-shirt-men-s-printed-t-shirts-249305-1572852923.jpg
Ek Engineer Hoon Half Sleeve T-Shirt,449,https://images.bewakoof.com/t320/dost-mujhe-sudharne-nahi-dete-half-sleeve-t-shirt-men-s-printed-t-shirts-249305-1572852923.jpg
Cute Shaanti Full Sleeve T-Shirt,299,https://images.bewakoof.com/t320/dost-mujhe-sudharne-nahi-dete-half-sleeve-t-shirt-men-s-printed-t-shirts-249305-1572852923.jpg
Hamesha Late Full Sleeve T-Shirt,499,https://images.bewakoof.com/t320/dost-mujhe-sudharne-nahi-dete-half-sleeve-t-shirt-men-s-printed-t-shirts-249305-1572852923.jpg
Aur Kitna Pressure Half Sleeve T-Shirt,449,https://images.bewakoof.com/t320/dost-mujhe-sudharne-nahi-dete-half-sleeve-t-shirt-men-s-printed-t-shirts-249305-1572852923.jpg
Cute Shaanti Full Sleeve T-Shirt,299,https://images.bewakoof.com/t320/dost-mujhe-sudharne-nahi-dete-half-sleeve-t-shirt-men-s-printed-t-shirts-249305-1572852923.jpg
Pehli Fursat Mein Nikal Half Sleeve T-Shirt,299,https://images.bewakoof.com/t320/dost-mujhe-sudharne-nahi-dete-half-sleeve-t-shirt-men-s-printed-t-shirts-249305-1572852923.jpg
Cute Shaanti Half Sleeve T-Shirt,259,https://images.bewakoof.com/t320/dost-mujhe-sudharne-nahi-dete-half-sleeve-t-shirt-men-s-printed-t-shirts-249305-1572852923.jpg
Chill Elements Half Sleeve T-Shirt,449,https://images.bewakoof.com/t320/dost-mujhe-sudharne-nahi-dete-half-sleeve-t-shirt-men-s-printed-t-shirts-249305-1572852923.jpg
Musafir Doodle Half Sleeve T-Shirt,449,https://images.bewakoof.com/t320/dost-mujhe-sudharne-nahi-dete-half-sleeve-t-shirt-men-s-printed-t-shirts-249305-1572852923.jpg
Cute Shaanti Half Sleeve T-Shirt,259,https://images.bewakoof.com/t320/dost-mujhe-sudharne-nahi-dete-half-sleeve-t-shirt-men-s-printed-t-shirts-249305-1572852923.jpg
Rok Sako Toh Rok Lo Bike Full Sleeve T-Shirt,499,https://images.bewakoof.com/t320/dost-mujhe-sudharne-nahi-dete-half-sleeve-t-shirt-men-s-printed-t-shirts-249305-1572852923.jpg
Ek Engineer Hoon Full Sleeve T-Shirt,499,https://images.bewakoof.com/t320/dost-mujhe-sudharne-nahi-dete-half-sleeve-t-shirt-men-s-printed-t-shirts-249305-1572852923.jpg
Pehli Fursat Mein Nikal Half Sleeve T-Shirt,225,https://images.bewakoof.com/t320/dost-mujhe-sudharne-nahi-dete-half-sleeve-t-shirt-men-s-printed-t-shirts-249305-1572852923.jpg
Hamesha Late Half Sleeve T-Shirt,449,https://images.bewakoof.com/t320/dost-mujhe-sudharne-nahi-dete-half-sleeve-t-shirt-men-s-printed-t-shirts-249305-1572852923.jpg
Chill Elements Full Sleeve T-Shirt,499,https://images.bewakoof.com/t320/dost-mujhe-sudharne-nahi-dete-half-sleeve-t-shirt-men-s-printed-t-shirts-249305-1572852923.jpg
Bholenaath Full Sleeve T-Shirt,325,https://images.bewakoof.com/t320/dost-mujhe-sudharne-nahi-dete-half-sleeve-t-shirt-men-s-printed-t-shirts-249305-1572852923.jpg
Pehli Fursat Mein Nikal Full Sleeve T-Shirt,325,https://images.bewakoof.com/t320/dost-mujhe-sudharne-nahi-dete-half-sleeve-t-shirt-men-s-printed-t-shirts-249305-1572852923.jpg
Haq Se Back Bencher Half Sleeve T-Shirt,449,https://images.bewakoof.com/t320/dost-mujhe-sudharne-nahi-dete-half-sleeve-t-shirt-men-s-printed-t-shirts-249305-1572852923.jpg
Musafir Doodle Half Sleeve T-Shirt,449,https://images.bewakoof.com/t320/dost-mujhe-sudharne-nahi-dete-half-sleeve-t-shirt-men-s-printed-t-shirts-249305-1572852923.jpg
Aur Kitna Pressure Full Sleeve T-Shirt,499,https://images.bewakoof.com/t320/dost-mujhe-sudharne-nahi-dete-half-sleeve-t-shirt-men-s-printed-t-shirts-249305-1572852923.jpg
Musafir Doodle Full Sleeve T-Shirt,499,https://images.bewakoof.com/t320/dost-mujhe-sudharne-nahi-dete-half-sleeve-t-shirt-men-s-printed-t-shirts-249305-1572852923.jpg
Swagat Toh Karo Hamara Half Sleeve T-Shirt,449,https://images.bewakoof.com/t320/gym-karo-full-sleeve-t-shirt-men-s-printed-full-sleeve-t-shirt-220632-1560928607.jpg
Gym Karo Half Sleeve T-Shirt,275,https://images.bewakoof.com/t320/gym-karo-full-sleeve-t-shirt-men-s-printed-full-sleeve-t-shirt-220632-1560928607.jpg
Swagat Toh Karo Hamara Half Sleeve T-Shirt,449,https://images.bewakoof.com/t320/gym-karo-full-sleeve-t-shirt-men-s-printed-full-sleeve-t-shirt-220632-1560928607.jpg
Baap Hoon Tera Full Sleeve T-Shirt,499,https://images.bewakoof.com/t320/gym-karo-full-sleeve-t-shirt-men-s-printed-full-sleeve-t-shirt-220632-1560928607.jpg
Pehli Fursat Mein Nikal Full Sleeve T-Shirt,299,https://images.bewakoof.com/t320/gym-karo-full-sleeve-t-shirt-men-s-printed-full-sleeve-t-shirt-220632-1560928607.jpg
Swagat Toh Karo Hamara Full Sleeve T-Shirt,499,https://images.bewakoof.com/t320/gym-karo-full-sleeve-t-shirt-men-s-printed-full-sleeve-t-shirt-220632-1560928607.jpg
Dost Mujhe Sudharne Nahi Dete Half Sleeve T-Shirt,449,https://images.bewakoof.com/t320/gym-karo-full-sleeve-t-shirt-men-s-printed-full-sleeve-t-shirt-220632-1560928607.jpg
Gym Karo Full Sleeve T-Shirt,325,https://images.bewakoof.com/t320/gym-karo-full-sleeve-t-shirt-men-s-printed-full-sleeve-t-shirt-220632-1560928607.jpg
Dost Mujhe Sudharne Nahi Dete Full Sleeve T-Shirt,499,https://images.bewakoof.com/t320/gym-karo-full-sleeve-t-shirt-men-s-printed-full-sleeve-t-shirt-220632-1560928607.jpg
Safarnama Full Sleeve T-Shirt,325,https://images.bewakoof.com/t320/gym-karo-full-sleeve-t-shirt-men-s-printed-full-sleeve-t-shirt-220632-1560928607.jpg
Dimaag Garam Half Sleeve T-Shirt,259,https://images.bewakoof.com/t320/gym-karo-full-sleeve-t-shirt-men-s-printed-full-sleeve-t-shirt-220632-1560928607.jpg
Dost Mujhe Sudharne Nahi Dete Half Sleeve T-Shirt,449,https://images.bewakoof.com/t320/gym-karo-full-sleeve-t-shirt-men-s-printed-full-sleeve-t-shirt-220632-1560928607.jpg
Royal Full Sleeve T-Shirt,299,https://images.bewakoof.com/t320/gym-karo-full-sleeve-t-shirt-men-s-printed-full-sleeve-t-shirt-220632-1560928607.jpg
Sirf Dost Half Sleeve T-Shirt,299,https://images.bewakoof.com/t320/gym-karo-full-sleeve-t-shirt-men-s-printed-full-sleeve-t-shirt-220632-1560928607.jpg
Time Aayega Full Sleeve T-Shirt,325,https://images.bewakoof.com/t320/gym-karo-full-sleeve-t-shirt-men-s-printed-full-sleeve-t-shirt-220632-1560928607.jpg
Dost Mujhe Sudharne Nahi Dete Full Sleeve T-Shirt,499,https://images.bewakoof.com/t320/gym-karo-full-sleeve-t-shirt-men-s-printed-full-sleeve-t-shirt-220632-1560928607.jpg
Wait And Watch Full Sleeve T-Shirt,299,https://images.bewakoof.com/t320/gym-karo-full-sleeve-t-shirt-men-s-printed-full-sleeve-t-shirt-220632-1560928607.jpg
Firse Pyaar Full Sleeve T-Shirt,499,https://images.bewakoof.com/t320/gym-karo-full-sleeve-t-shirt-men-s-printed-full-sleeve-t-shirt-220632-1560928607.jpg
Apna Time Ayega Full Sleeve T-Shirt,325,https://images.bewakoof.com/t320/gym-karo-full-sleeve-t-shirt-men-s-printed-full-sleeve-t-shirt-220632-1560928607.jpg
Baap Hoon Tera Half Sleeve T-Shirt,449,https://images.bewakoof.com/t320/gym-karo-full-sleeve-t-shirt-men-s-printed-full-sleeve-t-shirt-220632-1560928607.jpg
Zindagi Badi Honi Chahiye Half Sleeve T-Shirt,449,https://images.bewakoof.com/t320/gym-karo-full-sleeve-t-shirt-men-s-printed-full-sleeve-t-shirt-220632-1560928607.jpg
Haq Se Back Bencher Full Sleeve T-Shirt,499,https://images.bewakoof.com/t320/gym-karo-full-sleeve-t-shirt-men-s-printed-full-sleeve-t-shirt-220632-1560928607.jpg
Zindagi Badi Honi Chahiye Full Sleeve T-Shirt,499,https://images.bewakoof.com/t320/gym-karo-full-sleeve-t-shirt-men-s-printed-full-sleeve-t-shirt-220632-1560928607.jpg
Pehli Fursat Mein Nikal Half Sleeve T-Shirt,299,https://images.bewakoof.com/t320/gym-karo-full-sleeve-t-shirt-men-s-printed-full-sleeve-t-shirt-220632-1560928607.jpg
Zindagi Badi Honi Chahiye Half Sleeve T-Shirt,449,https://images.bewakoof.com/t320/gym-karo-full-sleeve-t-shirt-men-s-printed-full-sleeve-t-shirt-220632-1560928607.jpg
Jai Hind Doston Full Sleeve T-Shirt,499,https://images.bewakoof.com/t320/gym-karo-full-sleeve-t-shirt-men-s-printed-full-sleeve-t-shirt-220632-1560928607.jpg
Zindagi Badi Honi Chahiye Full Sleeve T-Shirt,499,https://images.bewakoof.com/t320/gym-karo-full-sleeve-t-shirt-men-s-printed-full-sleeve-t-shirt-220632-1560928607.jpg
Rok Sako Toh Rok Lo Bike Half Sleeve T-Shirt,449,https://images.bewakoof.com/t320/gym-karo-full-sleeve-t-shirt-men-s-printed-full-sleeve-t-shirt-220632-1560928607.jpg
Ek Engineer Hoon Half Sleeve T-Shirt,449,https://images.bewakoof.com/t320/gym-karo-full-sleeve-t-shirt-men-s-printed-full-sleeve-t-shirt-220632-1560928607.jpg
Cute Shaanti Full Sleeve T-Shirt,299,https://images.bewakoof.com/t320/gym-karo-full-sleeve-t-shirt-men-s-printed-full-sleeve-t-shirt-220632-1560928607.jpg
Hamesha Late Full Sleeve T-Shirt,499,https://images.bewakoof.com/t320/gym-karo-full-sleeve-t-shirt-men-s-printed-full-sleeve-t-shirt-220632-1560928607.jpg
Aur Kitna Pressure Half Sleeve T-Shirt,449,https://images.bewakoof.com/t320/gym-karo-full-sleeve-t-shirt-men-s-printed-full-sleeve-t-shirt-220632-1560928607.jpg
Cute Shaanti Full Sleeve T-Shirt,299,https://images.bewakoof.com/t320/gym-karo-full-sleeve-t-shirt-men-s-printed-full-sleeve-t-shirt-220632-1560928607.jpg
Pehli Fursat Mein Nikal Half Sleeve T-Shirt,299,https://images.bewakoof.com/t320/gym-karo-full-sleeve-t-shirt-men-s-printed-full-sleeve-t-shirt-220632-1560928607.jpg
Cute Shaanti Half Sleeve T-Shirt,259,https://images.bewakoof.com/t320/gym-karo-full-sleeve-t-shirt-men-s-printed-full-sleeve-t-shirt-220632-1560928607.jpg
Chill Elements Half Sleeve T-Shirt,449,https://images.bewakoof.com/t320/gym-karo-full-sleeve-t-shirt-men-s-printed-full-sleeve-t-shirt-220632-1560928607.jpg
Musafir Doodle Half Sleeve T-Shirt,449,https://images.bewakoof.com/t320/gym-karo-full-sleeve-t-shirt-men-s-printed-full-sleeve-t-shirt-220632-1560928607.jpg
Cute Shaanti Half Sleeve T-Shirt,259,https://images.bewakoof.com/t320/gym-karo-full-sleeve-t-shirt-men-s-printed-full-sleeve-t-shirt-220632-1560928607.jpg
Rok Sako Toh Rok Lo Bike Full Sleeve T-Shirt,499,https://images.bewakoof.com/t320/gym-karo-full-sleeve-t-shirt-men-s-printed-full-sleeve-t-shirt-220632-1560928607.jpg
Ek Engineer Hoon Full Sleeve T-Shirt,499,https://images.bewakoof.com/t320/gym-karo-full-sleeve-t-shirt-men-s-printed-full-sleeve-t-shirt-220632-1560928607.jpg
Pehli Fursat Mein Nikal Half Sleeve T-Shirt,225,https://images.bewakoof.com/t320/gym-karo-full-sleeve-t-shirt-men-s-printed-full-sleeve-t-shirt-220632-1560928607.jpg
Hamesha Late Half Sleeve T-Shirt,449,https://images.bewakoof.com/t320/gym-karo-full-sleeve-t-shirt-men-s-printed-full-sleeve-t-shirt-220632-1560928607.jpg
Chill Elements Full Sleeve T-Shirt,499,https://images.bewakoof.com/t320/gym-karo-full-sleeve-t-shirt-men-s-printed-full-sleeve-t-shirt-220632-1560928607.jpg
Bholenaath Full Sleeve T-Shirt,325,https://images.bewakoof.com/t320/gym-karo-full-sleeve-t-shirt-men-s-printed-full-sleeve-t-shirt-220632-1560928607.jpg
Pehli Fursat Mein Nikal Full Sleeve T-Shirt,325,https://images.bewakoof.com/t320/gym-karo-full-sleeve-t-shirt-men-s-printed-full-sleeve-t-shirt-220632-1560928607.jpg
Haq Se Back Bencher Half Sleeve T-Shirt,449,https://images.bewakoof.com/t320/gym-karo-full-sleeve-t-shirt-men-s-printed-full-sleeve-t-shirt-220632-1560928607.jpg
Musafir Doodle Half Sleeve T-Shirt,449,https://images.bewakoof.com/t320/gym-karo-full-sleeve-t-shirt-men-s-printed-full-sleeve-t-shirt-220632-1560928607.jpg
Aur Kitna Pressure Full Sleeve T-Shirt,499,https://images.bewakoof.com/t320/gym-karo-full-sleeve-t-shirt-men-s-printed-full-sleeve-t-shirt-220632-1560928607.jpg
Musafir Doodle Full Sleeve T-Shirt,499,https://images.bewakoof.com/t320/gym-karo-full-sleeve-t-shirt-men-s-printed-full-sleeve-t-shirt-220632-1560928607.jpg
Swagat Toh Karo Hamara Half Sleeve T-Shirt,449,https://images.bewakoof.com/t320/dost-mujhe-sudharne-nahi-dete-full-sleeve-t-shirt-men-s-printed-full-sleeve-t-shirt-249307-1572852990.jpg
Gym Karo Half Sleeve T-Shirt,275,https://images.bewakoof.com/t320/dost-mujhe-sudharne-nahi-dete-full-sleeve-t-shirt-men-s-printed-full-sleeve-t-shirt-249307-1572852990.jpg
Swagat Toh Karo Hamara Half Sleeve T-Shirt,449,https://images.bewakoof.com/t320/dost-mujhe-sudharne-nahi-dete-full-sleeve-t-shirt-men-s-printed-full-sleeve-t-shirt-249307-1572852990.jpg
Baap Hoon Tera Full Sleeve T-Shirt,499,https://images.bewakoof.com/t320/dost-mujhe-sudharne-nahi-dete-full-sleeve-t-shirt-men-s-printed-full-sleeve-t-shirt-249307-1572852990.jpg
Pehli Fursat Mein Nikal Full Sleeve T-Shirt,299,https://images.bewakoof.com/t320/dost-mujhe-sudharne-nahi-dete-full-sleeve-t-shirt-men-s-printed-full-sleeve-t-shirt-249307-1572852990.jpg
Swagat Toh Karo Hamara Full Sleeve T-Shirt,499,https://images.bewakoof.com/t320/dost-mujhe-sudharne-nahi-dete-full-sleeve-t-shirt-men-s-printed-full-sleeve-t-shirt-249307-1572852990.jpg
Dost Mujhe Sudharne Nahi Dete Half Sleeve T-Shirt,449,https://images.bewakoof.com/t320/dost-mujhe-sudharne-nahi-dete-full-sleeve-t-shirt-men-s-printed-full-sleeve-t-shirt-249307-1572852990.jpg
Gym Karo Full Sleeve T-Shirt,325,https://images.bewakoof.com/t320/dost-mujhe-sudharne-nahi-dete-full-sleeve-t-shirt-men-s-printed-full-sleeve-t-shirt-249307-1572852990.jpg
Dost Mujhe Sudharne Nahi Dete Full Sleeve T-Shirt,499,https://images.bewakoof.com/t320/dost-mujhe-sudharne-nahi-dete-full-sleeve-t-shirt-men-s-printed-full-sleeve-t-shirt-249307-1572852990.jpg
Safarnama Full Sleeve T-Shirt,325,https://images.bewakoof.com/t320/dost-mujhe-sudharne-nahi-dete-full-sleeve-t-shirt-men-s-printed-full-sleeve-t-shirt-249307-1572852990.jpg
Dimaag Garam Half Sleeve T-Shirt,259,https://images.bewakoof.com/t320/dost-mujhe-sudharne-nahi-dete-full-sleeve-t-shirt-men-s-printed-full-sleeve-t-shirt-249307-1572852990.jpg
Dost Mujhe Sudharne Nahi Dete Half Sleeve T-Shirt,449,https://images.bewakoof.com/t320/dost-mujhe-sudharne-nahi-dete-full-sleeve-t-shirt-men-s-printed-full-sleeve-t-shirt-249307-1572852990.jpg
Royal Full Sleeve T-Shirt,299,https://images.bewakoof.com/t320/dost-mujhe-sudharne-nahi-dete-full-sleeve-t-shirt-men-s-printed-full-sleeve-t-shirt-249307-1572852990.jpg
Sirf Dost Half Sleeve T-Shirt,299,https://images.bewakoof.com/t320/dost-mujhe-sudharne-nahi-dete-full-sleeve-t-shirt-men-s-printed-full-sleeve-t-shirt-249307-1572852990.jpg
Time Aayega Full Sleeve T-Shirt,325,https://images.bewakoof.com/t320/dost-mujhe-sudharne-nahi-dete-full-sleeve-t-shirt-men-s-printed-full-sleeve-t-shirt-249307-1572852990.jpg
Dost Mujhe Sudharne Nahi Dete Full Sleeve T-Shirt,499,https://images.bewakoof.com/t320/dost-mujhe-sudharne-nahi-dete-full-sleeve-t-shirt-men-s-printed-full-sleeve-t-shirt-249307-1572852990.jpg
Wait And Watch Full Sleeve T-Shirt,299,https://images.bewakoof.com/t320/dost-mujhe-sudharne-nahi-dete-full-sleeve-t-shirt-men-s-printed-full-sleeve-t-shirt-249307-1572852990.jpg
Firse Pyaar Full Sleeve T-Shirt,499,https://images.bewakoof.com/t320/dost-mujhe-sudharne-nahi-dete-full-sleeve-t-shirt-men-s-printed-full-sleeve-t-shirt-249307-1572852990.jpg
Apna Time Ayega Full Sleeve T-Shirt,325,https://images.bewakoof.com/t320/dost-mujhe-sudharne-nahi-dete-full-sleeve-t-shirt-men-s-printed-full-sleeve-t-shirt-249307-1572852990.jpg
Baap Hoon Tera Half Sleeve T-Shirt,449,https://images.bewakoof.com/t320/dost-mujhe-sudharne-nahi-dete-full-sleeve-t-shirt-men-s-printed-full-sleeve-t-shirt-249307-1572852990.jpg
Zindagi Badi Honi Chahiye Half Sleeve T-Shirt,449,https://images.bewakoof.com/t320/dost-mujhe-sudharne-nahi-dete-full-sleeve-t-shirt-men-s-printed-full-sleeve-t-shirt-249307-1572852990.jpg
Haq Se Back Bencher Full Sleeve T-Shirt,499,https://images.bewakoof.com/t320/dost-mujhe-sudharne-nahi-dete-full-sleeve-t-shirt-men-s-printed-full-sleeve-t-shirt-249307-1572852990.jpg
Zindagi Badi Honi Chahiye Full Sleeve T-Shirt,499,https://images.bewakoof.com/t320/dost-mujhe-sudharne-nahi-dete-full-sleeve-t-shirt-men-s-printed-full-sleeve-t-shirt-249307-1572852990.jpg
Pehli Fursat Mein Nikal Half Sleeve T-Shirt,299,https://images.bewakoof.com/t320/dost-mujhe-sudharne-nahi-dete-full-sleeve-t-shirt-men-s-printed-full-sleeve-t-shirt-249307-1572852990.jpg
Zindagi Badi Honi Chahiye Half Sleeve T-Shirt,449,https://images.bewakoof.com/t320/dost-mujhe-sudharne-nahi-dete-full-sleeve-t-shirt-men-s-printed-full-sleeve-t-shirt-249307-1572852990.jpg
Jai Hind Doston Full Sleeve T-Shirt,499,https://images.bewakoof.com/t320/dost-mujhe-sudharne-nahi-dete-full-sleeve-t-shirt-men-s-printed-full-sleeve-t-shirt-249307-1572852990.jpg
Zindagi Badi Honi Chahiye Full Sleeve T-Shirt,499,https://images.bewakoof.com/t320/dost-mujhe-sudharne-nahi-dete-full-sleeve-t-shirt-men-s-printed-full-sleeve-t-shirt-249307-1572852990.jpg
Rok Sako Toh Rok Lo Bike Half Sleeve T-Shirt,449,https://images.bewakoof.com/t320/dost-mujhe-sudharne-nahi-dete-full-sleeve-t-shirt-men-s-printed-full-sleeve-t-shirt-249307-1572852990.jpg
Ek Engineer Hoon Half Sleeve T-Shirt,449,https://images.bewakoof.com/t320/dost-mujhe-sudharne-nahi-dete-full-sleeve-t-shirt-men-s-printed-full-sleeve-t-shirt-249307-1572852990.jpg
Cute Shaanti Full Sleeve T-Shirt,299,https://images.bewakoof.com/t320/dost-mujhe-sudharne-nahi-dete-full-sleeve-t-shirt-men-s-printed-full-sleeve-t-shirt-249307-1572852990.jpg
Hamesha Late Full Sleeve T-Shirt,499,https://images.bewakoof.com/t320/dost-mujhe-sudharne-nahi-dete-full-sleeve-t-shirt-men-s-printed-full-sleeve-t-shirt-249307-1572852990.jpg
Aur Kitna Pressure Half Sleeve T-Shirt,449,https://images.bewakoof.com/t320/dost-mujhe-sudharne-nahi-dete-full-sleeve-t-shirt-men-s-printed-full-sleeve-t-shirt-249307-1572852990.jpg
Cute Shaanti Full Sleeve T-Shirt,299,https://images.bewakoof.com/t320/dost-mujhe-sudharne-nahi-dete-full-sleeve-t-shirt-men-s-printed-full-sleeve-t-shirt-249307-1572852990.jpg
Pehli Fursat Mein Nikal Half Sleeve T-Shirt,299,https://images.bewakoof.com/t320/dost-mujhe-sudharne-nahi-dete-full-sleeve-t-shirt-men-s-printed-full-sleeve-t-shirt-249307-1572852990.jpg
Cute Shaanti Half Sleeve T-Shirt,259,https://images.bewakoof.com/t320/dost-mujhe-sudharne-nahi-dete-full-sleeve-t-shirt-men-s-printed-full-sleeve-t-shirt-249307-1572852990.jpg
Chill Elements Half Sleeve T-Shirt,449,https://images.bewakoof.com/t320/dost-mujhe-sudharne-nahi-dete-full-sleeve-t-shirt-men-s-printed-full-sleeve-t-shirt-249307-1572852990.jpg
Musafir Doodle Half Sleeve T-Shirt,449,https://images.bewakoof.com/t320/dost-mujhe-sudharne-nahi-dete-full-sleeve-t-shirt-men-s-printed-full-sleeve-t-shirt-249307-1572852990.jpg
Cute Shaanti Half Sleeve T-Shirt,259,https://images.bewakoof.com/t320/dost-mujhe-sudharne-nahi-dete-full-sleeve-t-shirt-men-s-printed-full-sleeve-t-shirt-249307-1572852990.jpg
Rok Sako Toh Rok Lo Bike Full Sleeve T-Shirt,499,https://images.bewakoof.com/t320/dost-mujhe-sudharne-nahi-dete-full-sleeve-t-shirt-men-s-printed-full-sleeve-t-shirt-249307-1572852990.jpg
Ek Engineer Hoon Full Sleeve T-Shirt,499,https://images.bewakoof.com/t320/dost-mujhe-sudharne-nahi-dete-full-sleeve-t-shirt-men-s-printed-full-sleeve-t-shirt-249307-1572852990.jpg
Pehli Fursat Mein Nikal Half Sleeve T-Shirt,225,https://images.bewakoof.com/t320/dost-mujhe-sudharne-nahi-dete-full-sleeve-t-shirt-men-s-printed-full-sleeve-t-shirt-249307-1572852990.jpg
Hamesha Late Half Sleeve T-Shirt,449,https://images.bewakoof.com/t320/dost-mujhe-sudharne-nahi-dete-full-sleeve-t-shirt-men-s-printed-full-sleeve-t-shirt-249307-1572852990.jpg
Chill Elements Full Sleeve T-Shirt,499,https://images.bewakoof.com/t320/dost-mujhe-sudharne-nahi-dete-full-sleeve-t-shirt-men-s-printed-full-sleeve-t-shirt-249307-1572852990.jpg
Bholenaath Full Sleeve T-Shirt,325,https://images.bewakoof.com/t320/dost-mujhe-sudharne-nahi-dete-full-sleeve-t-shirt-men-s-printed-full-sleeve-t-shirt-249307-1572852990.jpg
Pehli Fursat Mein Nikal Full Sleeve T-Shirt,325,https://images.bewakoof.com/t320/dost-mujhe-sudharne-nahi-dete-full-sleeve-t-shirt-men-s-printed-full-sleeve-t-shirt-249307-1572852990.jpg
Haq Se Back Bencher Half Sleeve T-Shirt,449,https://images.bewakoof.com/t320/dost-mujhe-sudharne-nahi-dete-full-sleeve-t-shirt-men-s-printed-full-sleeve-t-shirt-249307-1572852990.jpg
Musafir Doodle Half Sleeve T-Shirt,449,https://images.bewakoof.com/t320/dost-mujhe-sudharne-nahi-dete-full-sleeve-t-shirt-men-s-printed-full-sleeve-t-shirt-249307-1572852990.jpg
Aur Kitna Pressure Full Sleeve T-Shirt,499,https://images.bewakoof.com/t320/dost-mujhe-sudharne-nahi-dete-full-sleeve-t-shirt-men-s-printed-full-sleeve-t-shirt-249307-1572852990.jpg
Musafir Doodle Full Sleeve T-Shirt,499,https://images.bewakoof.com/t320/dost-mujhe-sudharne-nahi-dete-full-sleeve-t-shirt-men-s-printed-full-sleeve-t-shirt-249307-1572852990.jpg
Swagat Toh Karo Hamara Half Sleeve T-Shirt,449,https://images.bewakoof.com/t320/safarnama-full-sleeve-t-shirt-men-s-printed-full-sleeve-t-shirt-246498-1571493528.jpg
Gym Karo Half Sleeve T-Shirt,275,https://images.bewakoof.com/t320/safarnama-full-sleeve-t-shirt-men-s-printed-full-sleeve-t-shirt-246498-1571493528.jpg
Swagat Toh Karo Hamara Half Sleeve T-Shirt,449,https://images.bewakoof.com/t320/safarnama-full-sleeve-t-shirt-men-s-printed-full-sleeve-t-shirt-246498-1571493528.jpg
Baap Hoon Tera Full Sleeve T-Shirt,499,https://images.bewakoof.com/t320/safarnama-full-sleeve-t-shirt-men-s-printed-full-sleeve-t-shirt-246498-1571493528.jpg
Pehli Fursat Mein Nikal Full Sleeve T-Shirt,299,https://images.bewakoof.com/t320/safarnama-full-sleeve-t-shirt-men-s-printed-full-sleeve-t-shirt-246498-1571493528.jpg
Swagat Toh Karo Hamara Full Sleeve T-Shirt,499,https://images.bewakoof.com/t320/safarnama-full-sleeve-t-shirt-men-s-printed-full-sleeve-t-shirt-246498-1571493528.jpg
Dost Mujhe Sudharne Nahi Dete Half Sleeve T-Shirt,449,https://images.bewakoof.com/t320/safarnama-full-sleeve-t-shirt-men-s-printed-full-sleeve-t-shirt-246498-1571493528.jpg
Gym Karo Full Sleeve T-Shirt,325,https://images.bewakoof.com/t320/safarnama-full-sleeve-t-shirt-men-s-printed-full-sleeve-t-shirt-246498-1571493528.jpg
Dost Mujhe Sudharne Nahi Dete Full Sleeve T-Shirt,499,https://images.bewakoof.com/t320/safarnama-full-sleeve-t-shirt-men-s-printed-full-sleeve-t-shirt-246498-1571493528.jpg
Safarnama Full Sleeve T-Shirt,325,https://images.bewakoof.com/t320/safarnama-full-sleeve-t-shirt-men-s-printed-full-sleeve-t-shirt-246498-1571493528.jpg
Dimaag Garam Half Sleeve T-Shirt,259,https://images.bewakoof.com/t320/safarnama-full-sleeve-t-shirt-men-s-printed-full-sleeve-t-shirt-246498-1571493528.jpg
Dost Mujhe Sudharne Nahi Dete Half Sleeve T-Shirt,449,https://images.bewakoof.com/t320/safarnama-full-sleeve-t-shirt-men-s-printed-full-sleeve-t-shirt-246498-1571493528.jpg
Royal Full Sleeve T-Shirt,299,https://images.bewakoof.com/t320/safarnama-full-sleeve-t-shirt-men-s-printed-full-sleeve-t-shirt-246498-1571493528.jpg
Sirf Dost Half Sleeve T-Shirt,299,https://images.bewakoof.com/t320/safarnama-full-sleeve-t-shirt-men-s-printed-full-sleeve-t-shirt-246498-1571493528.jpg
Time Aayega Full Sleeve T-Shirt,325,https://images.bewakoof.com/t320/safarnama-full-sleeve-t-shirt-men-s-printed-full-sleeve-t-shirt-246498-1571493528.jpg
Dost Mujhe Sudharne Nahi Dete Full Sleeve T-Shirt,499,https://images.bewakoof.com/t320/safarnama-full-sleeve-t-shirt-men-s-printed-full-sleeve-t-shirt-246498-1571493528.jpg
Wait And Watch Full Sleeve T-Shirt,299,https://images.bewakoof.com/t320/safarnama-full-sleeve-t-shirt-men-s-printed-full-sleeve-t-shirt-246498-1571493528.jpg
Firse Pyaar Full Sleeve T-Shirt,499,https://images.bewakoof.com/t320/safarnama-full-sleeve-t-shirt-men-s-printed-full-sleeve-t-shirt-246498-1571493528.jpg
Apna Time Ayega Full Sleeve T-Shirt,325,https://images.bewakoof.com/t320/safarnama-full-sleeve-t-shirt-men-s-printed-full-sleeve-t-shirt-246498-1571493528.jpg
Baap Hoon Tera Half Sleeve T-Shirt,449,https://images.bewakoof.com/t320/safarnama-full-sleeve-t-shirt-men-s-printed-full-sleeve-t-shirt-246498-1571493528.jpg
Zindagi Badi Honi Chahiye Half Sleeve T-Shirt,449,https://images.bewakoof.com/t320/safarnama-full-sleeve-t-shirt-men-s-printed-full-sleeve-t-shirt-246498-1571493528.jpg
Haq Se Back Bencher Full Sleeve T-Shirt,499,https://images.bewakoof.com/t320/safarnama-full-sleeve-t-shirt-men-s-printed-full-sleeve-t-shirt-246498-1571493528.jpg
Zindagi Badi Honi Chahiye Full Sleeve T-Shirt,499,https://images.bewakoof.com/t320/safarnama-full-sleeve-t-shirt-men-s-printed-full-sleeve-t-shirt-246498-1571493528.jpg
Pehli Fursat Mein Nikal Half Sleeve T-Shirt,299,https://images.bewakoof.com/t320/safarnama-full-sleeve-t-shirt-men-s-printed-full-sleeve-t-shirt-246498-1571493528.jpg
Zindagi Badi Honi Chahiye Half Sleeve T-Shirt,449,https://images.bewakoof.com/t320/safarnama-full-sleeve-t-shirt-men-s-printed-full-sleeve-t-shirt-246498-1571493528.jpg
Jai Hind Doston Full Sleeve T-Shirt,499,https://images.bewakoof.com/t320/safarnama-full-sleeve-t-shirt-men-s-printed-full-sleeve-t-shirt-246498-1571493528.jpg
Zindagi Badi Honi Chahiye Full Sleeve T-Shirt,499,https://images.bewakoof.com/t320/safarnama-full-sleeve-t-shirt-men-s-printed-full-sleeve-t-shirt-246498-1571493528.jpg
Rok Sako Toh Rok Lo Bike Half Sleeve T-Shirt,449,https://images.bewakoof.com/t320/safarnama-full-sleeve-t-shirt-men-s-printed-full-sleeve-t-shirt-246498-1571493528.jpg
Ek Engineer Hoon Half Sleeve T-Shirt,449,https://images.bewakoof.com/t320/safarnama-full-sleeve-t-shirt-men-s-printed-full-sleeve-t-shirt-246498-1571493528.jpg
Cute Shaanti Full Sleeve T-Shirt,299,https://images.bewakoof.com/t320/safarnama-full-sleeve-t-shirt-men-s-printed-full-sleeve-t-shirt-246498-1571493528.jpg
Hamesha Late Full Sleeve T-Shirt,499,https://images.bewakoof.com/t320/safarnama-full-sleeve-t-shirt-men-s-printed-full-sleeve-t-shirt-246498-1571493528.jpg
Aur Kitna Pressure Half Sleeve T-Shirt,449,https://images.bewakoof.com/t320/safarnama-full-sleeve-t-shirt-men-s-printed-full-sleeve-t-shirt-246498-1571493528.jpg
Cute Shaanti Full Sleeve T-Shirt,299,https://images.bewakoof.com/t320/safarnama-full-sleeve-t-shirt-men-s-printed-full-sleeve-t-shirt-246498-1571493528.jpg
Pehli Fursat Mein Nikal Half Sleeve T-Shirt,299,https://images.bewakoof.com/t320/safarnama-full-sleeve-t-shirt-men-s-printed-full-sleeve-t-shirt-246498-1571493528.jpg
Cute Shaanti Half Sleeve T-Shirt,259,https://images.bewakoof.com/t320/safarnama-full-sleeve-t-shirt-men-s-printed-full-sleeve-t-shirt-246498-1571493528.jpg
Chill Elements Half Sleeve T-Shirt,449,https://images.bewakoof.com/t320/safarnama-full-sleeve-t-shirt-men-s-printed-full-sleeve-t-shirt-246498-1571493528.jpg
Musafir Doodle Half Sleeve T-Shirt,449,https://images.bewakoof.com/t320/safarnama-full-sleeve-t-shirt-men-s-printed-full-sleeve-t-shirt-246498-1571493528.jpg
Cute Shaanti Half Sleeve T-Shirt,259,https://images.bewakoof.com/t320/safarnama-full-sleeve-t-shirt-men-s-printed-full-sleeve-t-shirt-246498-1571493528.jpg
Rok Sako Toh Rok Lo Bike Full Sleeve T-Shirt,499,https://images.bewakoof.com/t320/safarnama-full-sleeve-t-shirt-men-s-printed-full-sleeve-t-shirt-246498-1571493528.jpg
Ek Engineer Hoon Full Sleeve T-Shirt,499,https://images.bewakoof.com/t320/safarnama-full-sleeve-t-shirt-men-s-printed-full-sleeve-t-shirt-246498-1571493528.jpg
Pehli Fursat Mein Nikal Half Sleeve T-Shirt,225,https://images.bewakoof.com/t320/safarnama-full-sleeve-t-shirt-men-s-printed-full-sleeve-t-shirt-246498-1571493528.jpg
Hamesha Late Half Sleeve T-Shirt,449,https://images.bewakoof.com/t320/safarnama-full-sleeve-t-shirt-men-s-printed-full-sleeve-t-shirt-246498-1571493528.jpg
Chill Elements Full Sleeve T-Shirt,499,https://images.bewakoof.com/t320/safarnama-full-sleeve-t-shirt-men-s-printed-full-sleeve-t-shirt-246498-1571493528.jpg
Bholenaath Full Sleeve T-Shirt,325,https://images.bewakoof.com/t320/safarnama-full-sleeve-t-shirt-men-s-printed-full-sleeve-t-shirt-246498-1571493528.jpg
Pehli Fursat Mein Nikal Full Sleeve T-Shirt,325,https://images.bewakoof.com/t320/safarnama-full-sleeve-t-shirt-men-s-printed-full-sleeve-t-shirt-246498-1571493528.jpg
Haq Se Back Bencher Half Sleeve T-Shirt,449,https://images.bewakoof.com/t320/safarnama-full-sleeve-t-shirt-men-s-printed-full-sleeve-t-shirt-246498-1571493528.jpg
Musafir Doodle Half Sleeve T-Shirt,449,https://images.bewakoof.com/t320/safarnama-full-sleeve-t-shirt-men-s-printed-full-sleeve-t-shirt-246498-1571493528.jpg
Aur Kitna Pressure Full Sleeve T-Shirt,499,https://images.bewakoof.com/t320/safarnama-full-sleeve-t-shirt-men-s-printed-full-sleeve-t-shirt-246498-1571493528.jpg
Musafir Doodle Full Sleeve T-Shirt,499,https://images.bewakoof.com/t320/safarnama-full-sleeve-t-shirt-men-s-printed-full-sleeve-t-shirt-246498-1571493528.jpg
Swagat Toh Karo Hamara Half Sleeve T-Shirt,449,https://images.bewakoof.com/t320/dimaag-garam-half-sleeve-t-shirt-men-s-printed-t-shirts-218455-1560156494.jpg
Gym Karo Half Sleeve T-Shirt,275,https://images.bewakoof.com/t320/dimaag-garam-half-sleeve-t-shirt-men-s-printed-t-shirts-218455-1560156494.jpg
Swagat Toh Karo Hamara Half Sleeve T-Shirt,449,https://images.bewakoof.com/t320/dimaag-garam-half-sleeve-t-shirt-men-s-printed-t-shirts-218455-1560156494.jpg
Baap Hoon Tera Full Sleeve T-Shirt,499,https://images.bewakoof.com/t320/dimaag-garam-half-sleeve-t-shirt-men-s-printed-t-shirts-218455-1560156494.jpg
Pehli Fursat Mein Nikal Full Sleeve T-Shirt,299,https://images.bewakoof.com/t320/dimaag-garam-half-sleeve-t-shirt-men-s-printed-t-shirts-218455-1560156494.jpg
Swagat Toh Karo Hamara Full Sleeve T-Shirt,499,https://images.bewakoof.com/t320/dimaag-garam-half-sleeve-t-shirt-men-s-printed-t-shirts-218455-1560156494.jpg
Dost Mujhe Sudharne Nahi Dete Half Sleeve T-Shirt,449,https://images.bewakoof.com/t320/dimaag-garam-half-sleeve-t-shirt-men-s-printed-t-shirts-218455-1560156494.jpg
Gym Karo Full Sleeve T-Shirt,325,https://images.bewakoof.com/t320/dimaag-garam-half-sleeve-t-shirt-men-s-printed-t-shirts-218455-1560156494.jpg
Dost Mujhe Sudharne Nahi Dete Full Sleeve T-Shirt,499,https://images.bewakoof.com/t320/dimaag-garam-half-sleeve-t-shirt-men-s-printed-t-shirts-218455-1560156494.jpg
Safarnama Full Sleeve T-Shirt,325,https://images.bewakoof.com/t320/dimaag-garam-half-sleeve-t-shirt-men-s-printed-t-shirts-218455-1560156494.jpg
Dimaag Garam Half Sleeve T-Shirt,259,https://images.bewakoof.com/t320/dimaag-garam-half-sleeve-t-shirt-men-s-printed-t-shirts-218455-1560156494.jpg
Dost Mujhe Sudharne Nahi Dete Half Sleeve T-Shirt,449,https://images.bewakoof.com/t320/dimaag-garam-half-sleeve-t-shirt-men-s-printed-t-shirts-218455-1560156494.jpg
Royal Full Sleeve T-Shirt,299,https://images.bewakoof.com/t320/dimaag-garam-half-sleeve-t-shirt-men-s-printed-t-shirts-218455-1560156494.jpg
Sirf Dost Half Sleeve T-Shirt,299,https://images.bewakoof.com/t320/dimaag-garam-half-sleeve-t-shirt-men-s-printed-t-shirts-218455-1560156494.jpg
Time Aayega Full Sleeve T-Shirt,325,https://images.bewakoof.com/t320/dimaag-garam-half-sleeve-t-shirt-men-s-printed-t-shirts-218455-1560156494.jpg
Dost Mujhe Sudharne Nahi Dete Full Sleeve T-Shirt,499,https://images.bewakoof.com/t320/dimaag-garam-half-sleeve-t-shirt-men-s-printed-t-shirts-218455-1560156494.jpg
Wait And Watch Full Sleeve T-Shirt,299,https://images.bewakoof.com/t320/dimaag-garam-half-sleeve-t-shirt-men-s-printed-t-shirts-218455-1560156494.jpg
Firse Pyaar Full Sleeve T-Shirt,499,https://images.bewakoof.com/t320/dimaag-garam-half-sleeve-t-shirt-men-s-printed-t-shirts-218455-1560156494.jpg
Apna Time Ayega Full Sleeve T-Shirt,325,https://images.bewakoof.com/t320/dimaag-garam-half-sleeve-t-shirt-men-s-printed-t-shirts-218455-1560156494.jpg
Baap Hoon Tera Half Sleeve T-Shirt,449,https://images.bewakoof.com/t320/dimaag-garam-half-sleeve-t-shirt-men-s-printed-t-shirts-218455-1560156494.jpg
Zindagi Badi Honi Chahiye Half Sleeve T-Shirt,449,https://images.bewakoof.com/t320/dimaag-garam-half-sleeve-t-shirt-men-s-printed-t-shirts-218455-1560156494.jpg
Haq Se Back Bencher Full Sleeve T-Shirt,499,https://images.bewakoof.com/t320/dimaag-garam-half-sleeve-t-shirt-men-s-printed-t-shirts-218455-1560156494.jpg
Zindagi Badi Honi Chahiye Full Sleeve T-Shirt,499,https://images.bewakoof.com/t320/dimaag-garam-half-sleeve-t-shirt-men-s-printed-t-shirts-218455-1560156494.jpg
Pehli Fursat Mein Nikal Half Sleeve T-Shirt,299,https://images.bewakoof.com/t320/dimaag-garam-half-sleeve-t-shirt-men-s-printed-t-shirts-218455-1560156494.jpg
Zindagi Badi Honi Chahiye Half Sleeve T-Shirt,449,https://images.bewakoof.com/t320/dimaag-garam-half-sleeve-t-shirt-men-s-printed-t-shirts-218455-1560156494.jpg
Jai Hind Doston Full Sleeve T-Shirt,499,https://images.bewakoof.com/t320/dimaag-garam-half-sleeve-t-shirt-men-s-printed-t-shirts-218455-1560156494.jpg
Zindagi Badi Honi Chahiye Full Sleeve T-Shirt,499,https://images.bewakoof.com/t320/dimaag-garam-half-sleeve-t-shirt-men-s-printed-t-shirts-218455-1560156494.jpg
Rok Sako Toh Rok Lo Bike Half Sleeve T-Shirt,449,https://images.bewakoof.com/t320/dimaag-garam-half-sleeve-t-shirt-men-s-printed-t-shirts-218455-1560156494.jpg
Ek Engineer Hoon Half Sleeve T-Shirt,449,https://images.bewakoof.com/t320/dimaag-garam-half-sleeve-t-shirt-men-s-printed-t-shirts-218455-1560156494.jpg
Cute Shaanti Full Sleeve T-Shirt,299,https://images.bewakoof.com/t320/dimaag-garam-half-sleeve-t-shirt-men-s-printed-t-shirts-218455-1560156494.jpg
Hamesha Late Full Sleeve T-Shirt,499,https://images.bewakoof.com/t320/dimaag-garam-half-sleeve-t-shirt-men-s-printed-t-shirts-218455-1560156494.jpg
Aur Kitna Pressure Half Sleeve T-Shirt,449,https://images.bewakoof.com/t320/dimaag-garam-half-sleeve-t-shirt-men-s-printed-t-shirts-218455-1560156494.jpg
Cute Shaanti Full Sleeve T-Shirt,299,https://images.bewakoof.com/t320/dimaag-garam-half-sleeve-t-shirt-men-s-printed-t-shirts-218455-1560156494.jpg
Pehli Fursat Mein Nikal Half Sleeve T-Shirt,299,https://images.bewakoof.com/t320/dimaag-garam-half-sleeve-t-shirt-men-s-printed-t-shirts-218455-1560156494.jpg
Cute Shaanti Half Sleeve T-Shirt,259,https://images.bewakoof.com/t320/dimaag-garam-half-sleeve-t-shirt-men-s-printed-t-shirts-218455-1560156494.jpg
Chill Elements Half Sleeve T-Shirt,449,https://images.bewakoof.com/t320/dimaag-garam-half-sleeve-t-shirt-men-s-printed-t-shirts-218455-1560156494.jpg
Musafir Doodle Half Sleeve T-Shirt,449,https://images.bewakoof.com/t320/dimaag-garam-half-sleeve-t-shirt-men-s-printed-t-shirts-218455-1560156494.jpg
Cute Shaanti Half Sleeve T-Shirt,259,https://images.bewakoof.com/t320/dimaag-garam-half-sleeve-t-shirt-men-s-printed-t-shirts-218455-1560156494.jpg
Rok Sako Toh Rok Lo Bike Full Sleeve T-Shirt,499,https://images.bewakoof.com/t320/dimaag-garam-half-sleeve-t-shirt-men-s-printed-t-shirts-218455-1560156494.jpg
Ek Engineer Hoon Full Sleeve T-Shirt,499,https://images.bewakoof.com/t320/dimaag-garam-half-sleeve-t-shirt-men-s-printed-t-shirts-218455-1560156494.jpg
Pehli Fursat Mein Nikal Half Sleeve T-Shirt,225,https://images.bewakoof.com/t320/dimaag-garam-half-sleeve-t-shirt-men-s-printed-t-shirts-218455-1560156494.jpg
Hamesha Late Half Sleeve T-Shirt,449,https://images.bewakoof.com/t320/dimaag-garam-half-sleeve-t-shirt-men-s-printed-t-shirts-218455-1560156494.jpg
Chill Elements Full Sleeve T-Shirt,499,https://images.bewakoof.com/t320/dimaag-garam-half-sleeve-t-shirt-men-s-printed-t-shirts-218455-1560156494.jpg
Bholenaath Full Sleeve T-Shirt,325,https://images.bewakoof.com/t320/dimaag-garam-half-sleeve-t-shirt-men-s-printed-t-shirts-218455-1560156494.jpg
Pehli Fursat Mein Nikal Full Sleeve T-Shirt,325,https://images.bewakoof.com/t320/dimaag-garam-half-sleeve-t-shirt-men-s-printed-t-shirts-218455-1560156494.jpg
Haq Se Back Bencher Half Sleeve T-Shirt,449,https://images.bewakoof.com/t320/dimaag-garam-half-sleeve-t-shirt-men-s-printed-t-shirts-218455-1560156494.jpg
Musafir Doodle Half Sleeve T-Shirt,449,https://images.bewakoof.com/t320/dimaag-garam-half-sleeve-t-shirt-men-s-printed-t-shirts-218455-1560156494.jpg
Aur Kitna Pressure Full Sleeve T-Shirt,499,https://images.bewakoof.com/t320/dimaag-garam-half-sleeve-t-shirt-men-s-printed-t-shirts-218455-1560156494.jpg
Musafir Doodle Full Sleeve T-Shirt,499,https://images.bewakoof.com/t320/dimaag-garam-half-sleeve-t-shirt-men-s-printed-t-shirts-218455-1560156494.jpg
